,CISS,Correlation_Effect,Money_Market_Contribution,Bond_Market_Contribution,Equity_Market_Contribution,FX_Market_Contribution,Financial_Intermediaries_Contribution,,,,,,,,
2024-01-30,0.14380769173422386,0.30462860359367955,0.042456414186389554,0.046058312,0.016783311745161216,0.017932854,0.020576800016327796,,,,,,,,
2024-01-31,0.22811368431187265,0.4487759936350871,0.062151241382670565,0.070731613,0.022636374018574837,0.045724346521310764,0.026870109807585096,,,,,,,,
2024-02-01,0.24693659792264794,0.5344802487027092,0.074289393,0.089819574,0.006790252,0.031127591842686084,0.044909786935020096,,,,,,,,
2024-02-02,0.26833842904080274,0.5731570421478726,0.080241986,0.096247126,0.011391045617530049,0.026386852506430365,0.054071419,,,,,,,,
2024-02-05,0.3728395738731185,0.6047897597003247,0.08109508,0.096309916,0.048307107,0.064130537,0.082996934,,,,,,,,
2024-02-06,0.3679590518328956,0.6677184346202966,0.09037296,0.1040632881125217,0.048042131,0.037459424130899664,0.088021248,,,,,,,,
2024-02-07,0.3380839911926777,0.6999395130160904,0.094821994,0.10679580242622866,0.024387829573013466,0.050976727,0.061101638,,,,,,,,
2024-02-08,0.35694064871801917,0.7176727762539837,0.096502163,0.10859878614258398,0.035657956,0.050011411074805924,0.066170333,,,,,,,,
2024-02-09,0.38627639556050114,0.7357204946588365,0.099021501,0.10873856367599158,0.045901555,0.046734447,0.085880329,,,,,,,,
2024-02-12,0.3996253396700254,0.7557139510886541,0.097149643,0.11568602244967198,0.047053887520614325,0.05095128,0.088784507,,,,,,,,
2024-02-13,0.3917143109153051,0.7729284615975864,0.089056915,0.1167656707394593,0.032958836,0.045695142,0.10723774756504882,,,,,,,,
2024-02-14,0.4671169076366907,0.7842828755462916,0.098355978,0.11769175729895927,0.067379271,0.06885905,0.11483085121206082,,,,,,,,
2024-02-15,0.413198597,0.7984756562367129,0.089790847,0.1229351199036147,0.057249198,0.030332031,0.11289140095724093,,,,,,,,
2024-02-16,0.3541847144322759,0.8049652600733542,0.089103073,0.1219092041670841,0.025515879941947834,0.044045269,0.073611289,,,,,,,,
2024-02-19,0.36032788086948203,0.8057965268389259,0.091526322,0.12365682550232575,0.035576676845341264,0.034664454,0.074903602,,,,,,,,
2024-02-20,0.459856988,0.8082827886726509,0.091707054,0.12078489974127164,0.07198292,0.045955198,0.1294269169786522,,,,,,,,
2024-02-21,0.4153554583433755,0.8155287463150986,0.096735045,0.12812520806887526,0.064421642,0.025132646899018767,0.10094091652503864,,,,,,,,
2024-02-22,0.4116400195964629,0.8205963279317651,0.0981619,0.13129541246908244,0.049442219,0.020953592,0.11178689599372348,,,,,,,,
2024-02-23,0.39945192378639366,0.8254855196521522,0.098746758,0.11889068176122194,0.053890186754649946,0.04547958,0.082444717,,,,,,,,
2024-02-26,0.4677699900212711,0.8287879252661253,0.0983078,0.13635906996831348,0.067971035,0.030128265,0.13500381927290975,,,,,,,,
2024-02-27,0.4337852860844963,0.8335975403364141,0.098878299,0.1342144467459887,0.067841209,0.031037090810009892,0.10181424046121486,,,,,,,,
2024-02-28,0.40219040667721356,0.8363624726873781,0.098785454,0.1269798118910271,0.037031395,0.040608291,0.098785454,,,,,,,,
2024-02-29,0.3942995156150444,0.8377020708550513,0.10020813451360426,0.12170388576573392,0.061115371,0.019282953,0.091989171,,,,,,,,
2024-03-01,0.3917808548627413,0.8397567528063608,0.10045392099608165,0.1186222431951627,0.043730729,0.030104487364756335,0.098869474,,,,,,,,
2024-03-04,0.3615321385101839,0.8418806388857532,0.098590047,0.12982964317911114,0.026050646184389348,0.027109615541478345,0.079952186,,,,,,,,
2024-03-05,0.42582069534644845,0.8433668480329509,0.098764093,0.13483261180501646,0.064711167,0.043706559,0.083806265,,,,,,,,
2024-03-06,0.41986988661550545,0.8459112008599259,0.099913285,0.1338561371926776,0.054159598,0.028303444,0.1036374225959205,,,,,,,,
2024-03-07,0.36655260483742447,0.8495898566931556,0.10034778307356897,0.13027044469295054,0.037830794,0.017419264,0.08068432,,,,,,,,
2024-03-08,0.3988115256789159,0.8506980491406979,0.10047867523812773,0.13439959115983857,0.028570613725857404,0.012091683,0.12327096259246342,,,,,,,,
2024-03-11,0.4299061970640806,0.8523077971719302,0.10184810154884702,0.1367980816592935,0.074402718,0.020369620309769403,0.096487675,,,,,,,,
2024-03-12,0.4509200534692347,0.8592556148323144,0.10192176663985819,0.13315759968219013,0.042800657,0.046691626,0.12634840424389632,,,,,,,,
2024-03-13,0.39258300831547704,0.8671950308719205,0.099809239,0.12402525158507847,0.040141858032813435,0.053231594,0.075375065,,,,,,,,
2024-03-14,0.3798074708861867,0.8699133948560022,0.096948839,0.12233499062251704,0.032608074,0.051319419,0.076596148,,,,,,,,
2024-03-15,0.4577809346511037,0.8708682532845833,0.097055254,0.11315810133873895,0.078871087,0.066383165,0.10231332686387432,,,,,,,,
2024-03-18,0.43325919993117473,0.8746598881292124,0.090546552,0.12344256534351906,0.03982728,0.051599432,0.1278433698120937,,,,,,,,
2024-03-19,0.446623731,0.8777895331858324,0.090870539,0.11571363909166697,0.072983507,0.054875647546334436,0.11218039820337179,,,,,,,,
2024-03-20,0.37906298995578236,0.8801258090386884,0.089562488,0.10926844949952022,0.034983617,0.031773095,0.1134753401590762,,,,,,,,
2024-03-21,0.349570815,0.8814107127751828,0.10410624645231405,0.1036627693641253,0.034812951,0.011197796476766476,0.095791051,,,,,,,,
2024-03-22,0.4700585509451032,0.8801143382038553,0.10373171508138522,0.11369527362708924,0.070741266,0.06885926,0.113031036,,,,,,,,
2024-03-25,0.47672761580993833,0.8838583362147877,0.1041729888092146,0.11139950350782611,0.073488096,0.05536622,0.13230080755919466,,,,,,,,
2024-03-26,0.4196581531642127,0.8887273089119578,0.10418790590011885,0.10228748272382913,0.048740265,0.026046976,0.13839552307333383,,,,,,,,
2024-03-27,0.4902207061056967,0.8908010545234946,0.10062130150466644,0.10331051223530341,0.063420553,0.074513547,0.1483547919734726,,,,,,,,
2024-03-28,0.4336574834351693,0.8966390099634838,0.10793503553900052,0.10759668119561808,0.067670869,0.033384295213734747,0.11707060281032658,,,,,,,,
2024-03-29,0.46285453087953293,0.9001207241908724,0.10586325498345482,0.10382524579660757,0.056045253,0.050950229671181464,0.1461705477899895,,,,,,,,
2024-04-01,0.47335775981409334,0.9043965850810001,0.1039771671401301,0.11751467577216015,0.050054654,0.054491316258339514,0.14731994687797426,,,,,,,,
2024-04-02,0.4559543300284436,0.9087081784221926,0.10447286478967098,0.1135027951161305,0.041377655,0.061266363,0.13533465198136807,,,,,,,,
2024-04-03,0.440368181,0.9128884061589649,0.10093445396399124,0.11115421096375826,0.080265283,0.035137591,0.11287664191877518,,,,,,,,
2024-04-04,0.4068398186214766,0.9154759575546952,0.10363878764770137,0.10812980177910177,0.03558265,0.038231197,0.12125738154781059,,,,,,,,
2024-04-05,0.4751874746787843,0.9178183731040658,0.10067139891154032,0.10563569954593967,0.083238622,0.06742213,0.11821962440988223,,,,,,,,
2024-04-08,0.4276329712088191,0.9183366075391982,0.093450857,0.10996936482733546,0.055793281,0.050017579,0.1184018896512803,,,,,,,,
2024-04-09,0.46637134233791816,0.9186452357746404,0.101455411,0.10781081823619366,0.067713976,0.053385421248790435,0.13600571603858516,,,,,,,,
2024-04-10,0.45249572385687326,0.920036063,0.10103037517315867,0.12244001939656572,0.057863903306505544,0.046869761678269485,0.1242916643023739,,,,,,,,
2024-04-11,0.4862676907678866,0.9213127124892035,0.099548128,0.11565661472505978,0.048904901,0.077529334,0.14462871260207877,,,,,,,,
2024-04-12,0.5211477012969432,0.9213084779432283,0.096650474,0.12017570963863243,0.066751407,0.092710287,0.14485982357597932,,,,,,,,
2024-04-15,0.47980288994705667,0.9213606219997825,0.098857938,0.12435471036550526,0.064321402,0.094106267,0.098162572,,,,,,,,
2024-04-16,0.5262198742423586,0.9192370907991101,0.098630093,0.11285225165030587,0.087414244,0.10915217782570567,0.11817110777316865,,,,,,,,
2024-04-17,0.4730614526466336,0.9159372987191272,0.093552338,0.10922120241329972,0.083068024,0.057721332,0.1294985564478364,,,,,,,,
2024-04-18,0.3851178658118412,0.9133911196909718,0.091568896,0.11351326116411072,0.030561263,0.043888730531063055,0.10558571559698153,,,,,,,,
2024-04-19,0.5003855575597362,0.9115639740146431,0.08863383,0.11454747296108536,0.10032936820915886,0.096086869,0.10078801674954356,,,,,,,,
2024-04-22,0.39710929318596755,0.9103283970093546,0.094239028,0.1038575919606899,0.047863807540869226,0.049008875,0.10213999121161565,,,,,,,,
2024-04-23,0.43474922984262393,0.9073920654368233,0.093364366,0.10272363004945172,0.07498825,0.052731463,0.11094152045340784,,,,,,,,
2024-04-24,0.4347807233563865,0.9076961004945567,0.094994108,0.10572661497584399,0.043158381,0.032768400105904136,0.15813322002326555,,,,,,,,
2024-04-25,0.4848602546224393,0.9048448413728619,0.099817475,0.097199685,0.1102886353824281,0.074208659,0.10334580075051053,,,,,,,,
2024-04-26,0.4213739197426096,0.9034311386067274,0.099661523,0.094093205,0.0685244,0.055001342,0.10409344942940409,,,,,,,,
2024-04-29,0.4597817987139735,0.9011995315029803,0.098961911,0.095561158,0.069828794,0.063027288,0.132402648,,,,,,,,
2024-04-30,0.5136268664987612,0.9010003505439432,0.098940038,0.10449337398761206,0.086700034,0.073326695,0.15016672509065723,,,,,,,,
2024-05-01,0.4692134147924615,0.9027702438528721,0.098793725,0.096636161,0.090277024,0.052235762537398894,0.13127074237659375,,,,,,,,
2024-05-02,0.47502210621428065,0.9047498189754507,0.099010358,0.097644697,0.090702592,0.032320622,0.15534383684295477,,,,,,,,
2024-05-03,0.4123376883461345,0.906048818,0.086502019,0.094707744,0.086615988,0.038407352397083275,0.10610458481212028,,,,,,,,
2024-05-06,0.4317257790252494,0.9065557166536533,0.075375261,0.092023958,0.079822516,0.062603659,0.12190038504437177,,,,,,,,
2024-05-07,0.4139666300261139,0.9088745398253534,0.072138344,0.10792170636416777,0.050531138,0.0493879,0.133987542,,,,,,,,
2024-05-08,0.41928054943364906,0.9092417806867182,0.073539933,0.10350488195238745,0.067249581,0.074683633,0.10030252096380529,,,,,,,,
2024-05-09,0.4817978778506293,0.9093763363989796,0.074008363,0.096885756,0.10363458626131772,0.080871581,0.12639759141143053,,,,,,,,
2024-05-10,0.3763102426577765,0.9101510280283913,0.070865847,0.10051730850426764,0.067316831,0.044877887,0.092732369,,,,,,,,
2024-05-13,0.43608073979465634,0.9089779447738638,0.075576657,0.11548021688322047,0.08415192,0.065743688,0.095128258,,,,,,,,
2024-05-14,0.48023153845025784,0.9092261802047032,0.088635257,0.12008647663080989,0.070565101,0.068620844,0.13232386043985433,,,,,,,,
2024-05-15,0.43839660090620375,0.9111772489423056,0.083094781,0.10108909856190108,0.07289418,0.063266647,0.11805189514598427,,,,,,,,
2024-05-16,0.3543288055159778,0.912213084,0.086975788,0.10269568683186531,0.045209051,0.029718640099947614,0.089729639,,,,,,,,
2024-05-17,0.47216215597476985,0.9099852460604654,0.086763373,0.10118578081980523,0.081040195,0.08344393,0.11972887639990526,,,,,,,,
2024-05-20,0.36922123165938747,0.9098911319566428,0.083778655,0.095338278,0.041774876,0.058255923,0.090073499,,,,,,,,
2024-05-21,0.4260427680613425,0.9097609471092324,0.083766668,0.095095767,0.071750958,0.078617078,0.096812297,,,,,,,,
2024-05-22,0.4070752370543308,0.9093138900202106,0.083725505,0.096993482,0.047581707955774544,0.046895433,0.13187910882934628,,,,,,,,
2024-05-23,0.3953151156520687,0.9075238722015436,0.083788997,0.10148285816190847,0.040296343,0.046460656,0.12328626188398331,,,,,,,,
2024-05-24,0.38744047822471295,0.9053944156044879,0.08359239,0.089742239,0.057740248,0.073798186,0.082567415,,,,,,,,
2024-05-27,0.3477458224881914,0.9022778357640736,0.09011429,0.091930195,0.011916877076129276,0.033934726,0.11984973516564301,,,,,,,,
2024-05-28,0.35405042447848817,0.8986912115593808,0.093034323,0.096990825,0.038208506856235315,0.03368679,0.09212998,,,,,,,,
2024-05-29,0.40314574395478797,0.8962552193625736,0.095713293,0.096389712,0.062343288,0.073391465,0.075307986,,,,,,,,
2024-05-30,0.41261601924348257,0.8950333841707192,0.096933804,0.090066252,0.074980155,0.081397376,0.069238432,,,,,,,,
2024-05-31,0.39199333696966976,0.8965325169473171,0.1014942472015831,0.088638309,0.048942781,0.078601656,0.074316343,,,,,,,,
2024-06-03,0.3883711652574339,0.8988502951372924,0.10175663718535388,0.099043127,0.026908977,0.039911214362699905,0.12075120945995325,,,,,,,,
2024-06-04,0.4659200007275828,0.8992629292994132,0.10089843181573292,0.1183181162323505,0.062552503,0.05757545,0.1265754991051627,,,,,,,,
2024-06-05,0.4183314671152399,0.9027511301753952,0.098905187,0.12184301417335838,0.028047739516141215,0.044058797,0.12547672941431595,,,,,,,,
2024-06-06,0.4190018403341182,0.9037071705524251,0.09900993,0.12015326783319669,0.045014847740724576,0.057405298,0.097418496,,,,,,,,
2024-06-07,0.33837427467796405,0.9057493211076815,0.096613261,0.11085460244500304,0.020051808869805277,0.033951358,0.076903244,,,,,,,,
2024-06-10,0.4456153448920964,0.9044273658136752,0.090897794,0.10921387058882119,0.06598338,0.090101443,0.089418857,,,,,,,,
2024-06-11,0.4322265731809933,0.9076073050155561,0.088134948,0.11690438746363895,0.044866625,0.069526144,0.11279446759187041,,,,,,,,
2024-06-12,0.3746331802143989,0.9110840571136343,0.087326547,0.11242433459477676,0.038849999,0.044350884289682584,0.091681415,,,,,,,,
2024-06-13,0.39229454954649373,0.9129805822291056,0.090264495,0.11598872805677948,0.030088165099877447,0.039390231,0.11656292968082294,,,,,,,,
2024-06-14,0.44745011407451885,0.9132807206399035,0.090294169,0.13762393752535906,0.038828790386954394,0.071798799,0.10890441800838098,,,,,,,,
2024-06-17,0.4364063347626737,0.9137293551127879,0.090338525,0.13723180503203383,0.058156862099002615,0.060110749,0.090568394,,,,,,,,
2024-06-18,0.411730907,0.9148297122008981,0.088836294,0.13544082657364243,0.028192865344555985,0.049251209663142705,0.11000971130365521,,,,,,,,
2024-06-19,0.3869078211997961,0.9146349029254768,0.090428055,0.13805809855478895,0.026000941894485256,0.050621303,0.081799423,,,,,,,,
2024-06-20,0.3877679645123673,0.913950583,0.090360397,0.12749323232855478,0.041616366,0.059665453,0.068632516,,,,,,,,
2024-06-21,0.4241576783763563,0.9145792088668382,0.090422548,0.12815613065127773,0.064998397,0.066954101,0.073626502,,,,,,,,
2024-06-24,0.44038587255349376,0.9148334692449112,0.078825274,0.13210425442681237,0.063175292,0.056040742078273184,0.11024030987882076,,,,,,,,
2024-06-25,0.3854613123659945,0.9163927731189162,0.078268012,0.13463481245319425,0.040344336,0.041497031235573564,0.090717121,,,,,,,,
2024-06-26,0.4038308792379822,0.9170109939851351,0.076359909,0.13576376602773638,0.028721476415383477,0.053751839395858245,0.10923388821432994,,,,,,,,
2024-06-27,0.38765619334626206,0.9164040253056149,0.075617741,0.1267980412372549,0.048644339,0.034811826,0.1017842458295419,,,,,,,,
2024-06-28,0.33669242091419405,0.9151127337667839,0.075396081,0.13410142576582434,0.025208765873575564,0.026359851,0.075626298,,,,,,,,
2024-07-01,0.439649225,0.9121115194344159,0.075148811,0.13698882442826327,0.028797483192206094,0.075493004,0.12322110338019661,,,,,,,,
2024-07-02,0.39299933783316404,0.9098266557290778,0.082628282,0.1383623178335164,0.052872945,0.060540667,0.058595125501042504,,,,,,,,
2024-07-03,0.34126308123365146,0.9049504655795624,0.076721587,0.13147393556533266,0.023562861179241442,0.04154804,0.067956658,,,,,,,,
2024-07-04,0.33406171531021905,0.9027160559878454,0.085616089,0.13455578947743357,0.018622067,0.027592453,0.067675317,,,,,,,,
2024-07-05,0.36223598258102896,0.9004928272417697,0.085291962,0.13048650779654328,0.019142551925013723,0.040323955534348435,0.086991005,,,,,,,,
2024-07-08,0.42929994775966296,0.900035492,0.086380765,0.13019381327099483,0.049360437,0.055700309677677785,0.10766462297453572,,,,,,,,
2024-07-09,0.3922833440747367,0.9008239703622636,0.086343128,0.13030786992661678,0.030594021634944808,0.044644609,0.1003937154391152,,,,,,,,
2024-07-10,0.35934170440566354,0.901188186,0.080030045,0.12457934799426633,0.036274241,0.045796229835926835,0.07266184,,,,,,,,
2024-07-11,0.29620335321271846,0.9011927508768126,0.071188559,0.11947888797788184,0.021878013,0.016663564,0.066994329,,,,,,,,
2024-07-12,0.37160032701661294,0.8998545841553677,0.072441124,0.12009380047658431,0.062933226,0.055236356863876665,0.06089582,,,,,,,,
2024-07-15,0.40980416528203106,0.8989909254945216,0.073841645,0.12314479469981565,0.037203524,0.069996904,0.10561729866816143,,,,,,,,
2024-07-16,0.3808624805607623,0.9000763140481747,0.081289911,0.1254445982346387,0.034191578,0.053438493,0.0864979,,,,,,,,
2024-07-17,0.35456369769007273,0.9011449477736821,0.079232744,0.12230633945255388,0.056449079747332556,0.027204375781847014,0.069371158,,,,,,,,
2024-07-18,0.3970194514917589,0.9000013228855095,0.074717091,0.1266794314853944,0.057735934,0.05841518,0.079471815,,,,,,,,
2024-07-19,0.4078437816162539,0.9001549316627481,0.074729843,0.1277200959642239,0.067822994,0.0695214,0.068049448,,,,,,,,
2024-07-22,0.3783788397980298,0.9000932903633561,0.074724726,0.1303153933595249,0.079140278,0.037475582,0.056722860185162455,,,,,,,,
2024-07-23,0.3666748823115073,0.8961159896638433,0.075070849,0.12579439553016972,0.042945936,0.034942888,0.087920814,,,,,,,,
2024-07-24,0.3835731225875594,0.8976762804153948,0.071588272,0.12748132334452592,0.065829594,0.026196339,0.092477594,,,,,,,,
2024-07-25,0.43934980982546745,0.8985929992571304,0.071661379,0.13292394555048875,0.092119911,0.061488627873695474,0.081155946,,,,,,,,
2024-07-26,0.3759213442957197,0.9004443167071319,0.067278481,0.13365085455527242,0.049722648,0.052101180589343495,0.07316818,,,,,,,,
2024-07-29,0.3856492240145228,0.9001501265165754,0.068388764,0.1443636995356772,0.044158308,0.040874742,0.08786371,,,,,,,,
2024-07-30,0.4665947825051225,0.9005653121912413,0.067967193,0.14748880961924482,0.088583909,0.055166705,0.10738816552921975,,,,,,,,
2024-07-31,0.380754502,0.9043914816992153,0.064501883,0.1468640758331682,0.048120452,0.026506064809549333,0.094762026,,,,,,,,
2024-08-01,0.41639435314303896,0.9042160905455228,0.063920685,0.15240874985295605,0.054707917,0.041741799,0.1036152023254052,,,,,,,,
2024-08-02,0.5071644372321277,0.9068729815554238,0.06273964,0.1658607943624637,0.12513706424733337,0.028403946214754786,0.12502299217418172,,,,,,,,
2024-08-05,0.6408197340981063,0.9021634294457136,0.072173074,0.16692860436662202,0.16794992145656057,0.10462826188037085,0.12913987203889588,,,,,,,,
2024-08-06,0.5988313565218213,0.9009669349637542,0.065617592,0.16625389856500977,0.11140257824771957,0.092363277,0.16319401086135926,,,,,,,,
2024-08-07,0.520737212,0.9007530103997244,0.065715314,0.16202223960649134,0.11024310429168956,0.048606672,0.13414988230355648,,,,,,,,
2024-08-08,0.5629423443449908,0.8988535122600272,0.063654658,0.156818845,0.14924360203562717,0.072586661,0.12063857831213198,,,,,,,,
2024-08-09,0.5414167964407592,0.900285198,0.064661993,0.15616267774352793,0.11233747376474235,0.045976829,0.16227782248475384,,,,,,,,
2024-08-12,0.587587769,0.8997154783982295,0.062810326,0.16421222127746307,0.11170052543132737,0.092574498,0.15629019819722706,,,,,,,,
2024-08-13,0.5541456108917296,0.9020183469674959,0.084415302,0.16701522097310117,0.12775756713023906,0.050603796572012985,0.12435372431149379,,,,,,,,
2024-08-14,0.5685852844200505,0.9049555577856658,0.085486997,0.16129836797261493,0.10973297581199774,0.044394046,0.16767289768783472,,,,,,,,
2024-08-15,0.5678288564984103,0.9082976678395092,0.079861644,0.15892352905217078,0.13070346314571052,0.058382404,0.1399578167425659,,,,,,,,
2024-08-16,0.5233267605382242,0.9137816266810633,0.095860865,0.1587336385467357,0.083906992,0.029195036,0.1556302292485736,,,,,,,,
2024-08-19,0.5556107934410535,0.913568936,0.095838553,0.16559155188181138,0.15088251743290654,0.039070873,0.10422729879028654,,,,,,,,
2024-08-20,0.5320636968674842,0.9141790339521286,0.095902555,0.16685204758044517,0.10533182328303774,0.058530456387626856,0.10544681435649082,,,,,,,,
2024-08-21,0.6203271620075492,0.9149537918293165,0.10173825811032905,0.16745380718385608,0.11842609456507758,0.085050422,0.14765858049270608,,,,,,,,
2024-08-22,0.6083053432149929,0.9213235813601053,0.097579177,0.161550324,0.11565797914432518,0.093754815,0.13976304894594807,,,,,,,,
2024-08-23,0.5300728096670496,0.9261711729347347,0.096112103,0.1547113607116136,0.1326929516946746,0.037046846917389395,0.1095095474916542,,,,,,,,
2024-08-26,0.554248246,0.9272461183665132,0.096223654,0.15862323534320227,0.12631541461521184,0.07394642,0.099139522,,,,,,,,
2024-08-27,0.5939381514241623,0.9287585176676022,0.098833925,0.15128833715465975,0.12149797,0.088436503,0.1338814165090657,,,,,,,,
2024-08-28,0.6082260115388184,0.9325741160527685,0.099239963,0.15097143237231614,0.10651286759445458,0.10123414618283515,0.1502676028507669,,,,,,,,
2024-08-29,0.5473730603933152,0.9354290262525484,0.096955159,0.14802134780197562,0.13319568021608616,0.068009808,0.10119106447511847,,,,,,,,
2024-08-30,0.5803941269013617,0.9353604923709354,0.09506557,0.14824581388520489,0.093065428,0.10694876573146923,0.13706855013989183,,,,,,,,
2024-09-02,0.48436405144873773,0.9375929410804638,0.095292465,0.14671265644076692,0.0817298,0.088923909,0.071705221,,,,,,,,
2024-09-03,0.4903876456548473,0.9385127065373221,0.093261011,0.1511064483481475,0.098809451,0.10305931984994747,0.044151415,,,,,,,,
2024-09-04,0.5453155158920379,0.9373531570468542,0.097862028,0.15952689578420048,0.14514235677039972,0.064966238,0.077817998,,,,,,,,
2024-09-05,0.5500307422161967,0.9369497322945712,0.10665905757567133,0.15863325027276645,0.12304094597679655,0.08297014,0.078727349,,,,,,,,
2024-09-06,0.5731898291014588,0.9372396424016036,0.11400135021413219,0.15502768927774954,0.14099856758645513,0.088890401,0.074271821,,,,,,,,
2024-09-09,0.6076166379924519,0.937425242,0.1182688701545564,0.1468043303513686,0.12251381464664417,0.1107223021686226,0.109307321,,,,,,,,
2024-09-10,0.5568957886878436,0.938588408,0.1197142950454682,0.1522992510933471,0.12219358517954594,0.09787293,0.064815728,,,,,,,,
2024-09-11,0.5894050468530795,0.9371540244963963,0.12082803460488131,0.15029828694753528,0.11929558148306331,0.068017342,0.13096580141075428,,,,,,,,
2024-09-12,0.5382316392189583,0.9373365896584268,0.12037995698632126,0.14396075169470934,0.081117934,0.076519679,0.11625331791235334,,,,,,,,
2024-09-13,0.5002591165066739,0.9373226434664285,0.12556586355871024,0.14985372073532463,0.098448353,0.057418381,0.068972798,,,,,,,,
2024-09-16,0.5723898319101467,0.9359315433331274,0.12537950863519257,0.15092631931485154,0.10230496995679092,0.094888154,0.09889088,,,,,,,,
2024-09-17,0.5700778123955959,0.9383268340672848,0.12570038720524007,0.1519027214395718,0.099261996,0.098317768,0.09489494,,,,,,,,
2024-09-18,0.5589173503285265,0.9404006211876793,0.1229026723791194,0.14656054964170248,0.098535059,0.095814403,0.095104667,,,,,,,,
2024-09-19,0.47045555190807786,0.9423334939957716,0.11829544993808555,0.13026723394985576,0.091625634,0.064837286,0.065429948,,,,,,,,
2024-09-20,0.5236196134727811,0.941591479,0.11879449724342894,0.12199235509544548,0.078762055,0.1043449173195024,0.099725789,,,,,,,,
2024-09-23,0.5122117857470863,0.9421757743381156,0.11886821404542516,0.1258604619304502,0.086632766,0.079403493,0.10144685067087134,,,,,,,,
2024-09-24,0.4880968627039993,0.9434403254307788,0.1155862738326514,0.1236559520879084,0.082476859,0.054945015,0.11143276296597503,,,,,,,,
2024-09-25,0.5950158328221533,0.9424936981343133,0.11558884977118938,0.12163503575922081,0.1378767510604033,0.097213186,0.12270200975710874,,,,,,,,
2024-09-26,0.46088004480760403,0.9431136052047494,0.11578350675218058,0.11851201152195533,0.096446712,0.0499435,0.080194314,,,,,,,,
2024-09-27,0.5567185340806664,0.9396841498813793,0.11548068106089406,0.12328183249387153,0.14692168532107605,0.075883928,0.095150408,,,,,,,,
2024-09-30,0.6141160241075087,0.9394309008379244,0.116040396,0.12726629939653394,0.161298513,0.11852191113716207,0.090988905,,,,,,,,
2024-10-01,0.5969996155523294,0.9403897253102866,0.11272847902147212,0.14230048296204717,0.13733238630003058,0.1035020137920127,0.1011362534767667,,,,,,,,
2024-10-02,0.630187468,0.9415505297957927,0.1135782337200208,0.1450816854087857,0.15254302922980895,0.13039586582454943,0.088588654,,,,,,,,
2024-10-03,0.5980581488477797,0.9426174233425552,0.11370693194786297,0.14370469397373298,0.13315212156147038,0.10564429235197698,0.10185010901273649,,,,,,,,
2024-10-04,0.5918688396984203,0.9442820139679794,0.11390772973525691,0.13813836254651074,0.11533306107709537,0.14098902523018764,0.083500661,,,,,,,,
2024-10-07,0.5686002530117787,0.9441044301260735,0.1187552742296948,0.15580691978935957,0.10177327001484844,0.089897743,0.10236704638599692,,,,,,,,
2024-10-08,0.6220313594458285,0.9437307838920489,0.118589566,0.15610138123497413,0.1467234275334054,0.11467219336348672,0.085944791,,,,,,,,
2024-10-09,0.609549401,0.945729457,0.11884072042187263,0.15607510029379068,0.1326400433137017,0.10575515561065543,0.096238381,,,,,,,,
2024-10-10,0.5896850647296683,0.9480275560365747,0.1188910029394296,0.15705060267926657,0.1047004017861777,0.1302196341121937,0.078823423,,,,,,,,
2024-10-11,0.5752090005485025,0.9491306671566198,0.14744356904885858,0.1507864191973347,0.1109109924262264,0.094077354,0.071990666,,,,,,,,
2024-10-14,0.5863021400383067,0.9458405059465377,0.14740835054940385,0.14693245595521687,0.089468184,0.13325048637234244,0.069242663,,,,,,,,
2024-10-15,0.6411196387309657,0.9442202904614999,0.14715584149456587,0.15250048464812155,0.096916196,0.13611024564388416,0.10843687109325152,,,,,,,,
2024-10-16,0.6266154439435871,0.946351212,0.14689275414635003,0.15677289887418394,0.13260820755189137,0.10832447834131162,0.082017105,,,,,,,,
2024-10-17,0.6544132967910934,0.9474750882333256,0.1437301831961498,0.1529069859375292,0.11357783133161754,0.13741368260792763,0.10678461371786915,,,,,,,,
2024-10-18,0.5929288786896859,0.950359795,0.144645956,0.1477540512218653,0.12420425503197252,0.096948653,0.079375963,,,,,,,,
2024-10-21,0.6603432162958336,0.9505211967321883,0.14479008418146921,0.15136601698905042,0.10043242833396708,0.1431162103759031,0.12063847641544378,,,,,,,,
2024-10-22,0.6192491537611627,0.9524145429292401,0.1483131074397987,0.14567749486817058,0.14316168286798014,0.10698191029381278,0.075114958,,,,,,,,
2024-10-23,0.6442178528516078,0.9523116270305468,0.14829708103947387,0.14554196564051755,0.09738734,0.13392256591448448,0.11906890028532877,,,,,,,,
2024-10-24,0.5935580958218727,0.9530977301118737,0.1490189281168628,0.14973824715845668,0.124442194,0.10538023959350153,0.064978487,,,,,,,,
2024-10-25,0.5985756788990234,0.9530696269271453,0.14901453412206817,0.15045312978535438,0.10202040912138374,0.14565781090773355,0.051429795,,,,,,,,
2024-10-28,0.5746224244336402,0.9521151050953394,0.14982339578292703,0.1469490860316958,0.077007549,0.095810325,0.1050320688262406,,,,,,,,
2024-10-29,0.5949221618546896,0.9501067068591365,0.14926833671283796,0.1472366619937681,0.090110749,0.12500775036159203,0.083298663,,,,,,,,
2024-10-30,0.5977985924085296,0.9510704041720653,0.15324794814395168,0.15037679220682848,0.11329102801898693,0.095346303,0.085536521,,,,,,,,
2024-10-31,0.6461052264576452,0.9506823154429537,0.15318541460156274,0.15187000510849705,0.13166053198776004,0.10260194045912634,0.10678733430069909,,,,,,,,
2024-11-01,0.6256070600914959,0.9520628115864075,0.15340785681033814,0.15388688212434387,0.12418731265598804,0.12298974937097365,0.071135259,,,,,,,,
2024-11-04,0.6052740971790024,0.9528572420936768,0.15317629627619112,0.15221744622125405,0.080663261,0.1018778183370598,0.11733927547291947,,,,,,,,
2024-11-05,0.6368272275309871,0.9520076079111222,0.15687169388221012,0.15327921234292283,0.12118637725862336,0.13196382187648514,0.073526122,,,,,,,,
2024-11-06,0.6032722428840391,0.9531030069411985,0.15633287057249348,0.14506347652815732,0.11161495590720202,0.12995769302191942,0.060303247,,,,,,,,
2024-11-07,0.5361586074765493,0.9527181335356655,0.15207538508890062,0.13589715263263458,0.088920359,0.066510511,0.092755199,,,,,,,,
2024-11-08,0.5397781244767457,0.9527611211345755,0.11481071120087087,0.13494453111918644,0.094197515,0.1182861920201039,0.077539176,,,,,,,,
2024-11-11,0.540720395,0.9531545764149765,0.11485812379943995,0.13835728065193498,0.11281993162345824,0.11569737940131478,0.058987679446058934,,,,,,,,
2024-11-12,0.5982125711656194,0.9526822798010167,0.12019375177866917,0.15410684425460475,0.13361518767020553,0.12235076826123753,0.067946019,,,,,,,,
2024-11-13,0.5487442950711604,0.9531389875061665,0.11869277957623964,0.1431506856707375,0.1505839708563202,0.077330144,0.058986715,,,,,,,,
2024-11-14,0.5433484561614182,0.9516678181280622,0.11420013817536749,0.13335320118171842,0.11659427105116135,0.081280811,0.097920035,,,,,,,,
2024-11-15,0.5562923062092854,0.9518992325363363,0.11422790790436038,0.13877373717102062,0.11518579392452273,0.077708503,0.11039636382371099,,,,,,,,
2024-11-18,0.5084010716096141,0.9521292153819627,0.11617174074471749,0.13940608889366096,0.078924925,0.081919042,0.091979275,,,,,,,,
2024-11-19,0.5405839332954837,0.951437297,0.11548892973879606,0.14361317687725933,0.092032111,0.082816932,0.10663278383136507,,,,,,,,
2024-11-20,0.5387160578116935,0.9521548820815835,0.11557603285644381,0.1485122080227879,0.079286356,0.12132489252184203,0.074016568,,,,,,,,
2024-11-21,0.5246357009485269,0.9515979517546856,0.11395235849942903,0.14208135455758644,0.088097622,0.08594306,0.094561306,,,,,,,,
2024-11-22,0.5238076468977536,0.9522686468870661,0.1140326731869795,0.1360726016180764,0.06635935,0.12014156639342487,0.087201456,,,,,,,,
2024-11-25,0.497400455,0.9523924899714301,0.11093276046711252,0.14052281644484121,0.054867391,0.074394432,0.1166830547461853,,,,,,,,
2024-11-26,0.5484605036023438,0.950776494,0.1107445325634039,0.1432742440723087,0.095556028,0.08347698,0.11540871914004834,,,,,,,,
2024-11-27,0.47685965496385035,0.9510873700357776,0.097262142,0.13901427974610991,0.095706905,0.074172851,0.070703476,,,,,,,,
2024-11-28,0.5452982271831663,0.9483966103929492,0.1430349101712134,0.13611579,0.065493049,0.10032723891075099,0.100327239,,,,,,,,
2024-11-29,0.5613850163112246,0.9491728795564088,0.1431519852312119,0.1324066318777431,0.11019956828057427,0.097902108,0.077724723,,,,,,,,
2024-12-02,0.5646227221638831,0.9497991200175347,0.14229066062149484,0.14109594474725895,0.083988526,0.11756004202481188,0.079687549,,,,,,,,
2024-12-03,0.5589942424118813,0.9507925175811843,0.14279827245181564,0.1389711830728725,0.051067724,0.1478213272616785,0.078335736,,,,,,,,
2024-12-04,0.6261553681335861,0.9485394772602913,0.14245989130173436,0.12766506171930966,0.12348910175652851,0.083877139,0.14866417467500923,,,,,,,,
2024-12-05,0.6690566080143338,0.9482973852226693,0.1432585106481039,0.12846745709242957,0.11701631885577847,0.12250332259417379,0.15781099882384803,,,,,,,,
2024-12-06,0.6259233953174493,0.9507243012559653,0.14362514286898295,0.12042507815908897,0.1219797216705767,0.13154675866434742,0.10834669395445341,,,,,,,,
2024-12-09,0.7039349487033405,0.9509401601005192,0.14377736760261942,0.12978239920868723,0.14605005477770241,0.14066737462619003,0.14365775248814136,,,,,,,,
2024-12-10,0.6438759605979305,0.953224187,0.15323528447749632,0.13201255728460365,0.082133153,0.11870338938397602,0.1577915761912247,,,,,,,,
2024-12-11,0.5673276941584375,0.9527366220024456,0.15543388663360655,0.11852283259879483,0.081132414,0.097310961,0.11492760006293655,,,,,,,,
2024-12-12,0.6101102828738552,0.95086782,0.15381333538047007,0.11721389476894295,0.073079275,0.11302768424148071,0.1529760932749776,,,,,,,,
2024-12-13,0.6370149857770357,0.9505009641380318,0.15506915100465754,0.12422270462131008,0.087637384,0.11704911243913627,0.1530366332197083,,,,,,,,
2024-12-16,0.628866966,0.9515592654508797,0.15895228987657464,0.12627610377995951,0.096592242,0.104970752,0.14207557837612508,,,,,,,,
2024-12-17,0.6049623452825483,0.9534993348525493,0.15927636687851393,0.12281551180993845,0.11358036101954268,0.095829682,0.1134604239962908,,,,,,,,
2024-12-18,0.5713757954008268,0.9538928125654288,0.1594620814967868,0.11902662516539692,0.068752274,0.103668351,0.12046646337304286,,,,,,,,
2024-12-19,0.6560500585881219,0.9534914014214935,0.16119401805163364,0.11969615328536486,0.1373267490097623,0.1213752576400694,0.11645788060129185,,,,,,,,
2024-12-20,0.6630980829747622,0.9543138594586097,0.16133306001413478,0.11811884751034869,0.1444074934501519,0.096391702,0.14284698022084852,,,,,,,,
2024-12-23,0.6084008729415291,0.9562647172568517,0.16178315,0.1284642412616752,0.085402258,0.11679660886244066,0.11595461477177424,,,,,,,,
2024-12-24,0.6756653073504556,0.9549403010553101,0.16348097480959464,0.1274454917509037,0.11651472855643409,0.11855673926309326,0.14966737297042976,,,,,,,,
2024-12-25,0.6459478061777579,0.9573611221314644,0.16389540719760043,0.12776857240018666,0.11307699291590506,0.099348796,0.14185803797117805,,,,,,,,
2024-12-26,0.682865256,0.9593176862784688,0.15204280310828566,0.1253749781186578,0.12609899146679246,0.1334597938394952,0.14588868964914076,,,,,,,,
2024-12-27,0.6843909293106963,0.9614610157307008,0.1577037942783439,0.1256550937539872,0.13472548069484286,0.11380312148460246,0.15250343909891997,,,,,,,,
2024-12-30,0.6966017835773606,0.9634628008768295,0.15754737624400986,0.13209741546613135,0.12664385244230025,0.11597910697347497,0.16433403245144418,,,,,,,,
2024-12-31,0.6440571347050066,0.9653571306381601,0.15834285513863658,0.13150714119259468,0.10989285575189119,0.10855714148308368,0.1357571411388004,,,,,,,,
2025-01-01,0.6359468458523363,0.9668727145775622,0.15859144903259637,0.13171360375943397,0.10507899690503318,0.10848433476769631,0.13207846138757645,,,,,,,,
2025-01-02,0.6206372393258358,0.9682233227316315,0.1557682553174537,0.12946181032248105,0.098770958,0.10656546004907894,0.1300707558084758,,,,,,,,
2025-01-03,0.5919723440038837,0.969147474,0.15018738216902486,0.11593198087884955,0.068876519,0.10922718703201809,0.14774927531563162,,,,,,,,
2025-01-06,0.5676326488023515,0.9681784076332748,0.14760153837126155,0.12044382957852942,0.073557202,0.088049433,0.13798064601867932,,,,,,,,
2025-01-07,0.5655584234121711,0.9660914194513879,0.14047819885356033,0.12771850086080616,0.089074844,0.094178723,0.11410815633520169,,,,,,,,
2025-01-08,0.6161038658843849,0.9653184339339493,0.1379373259055304,0.12506641345307773,0.073947035,0.1468012561793893,0.13235183559597546,,,,,,,,
2025-01-09,0.5446976361700258,0.9644423624836758,0.12337583429508157,0.11912986163005908,0.087952291,0.1130641863943127,0.10117546293224976,,,,,,,,
2025-01-10,0.5742619351317179,0.9639743210086902,0.12222466862600753,0.10949293231079842,0.099065034,0.14768814125642576,0.095791159,,,,,,,,
2025-01-13,0.5493276114298978,0.9632012595649948,0.1249132702655987,0.11764382679718366,0.11740151201490316,0.1020145233400913,0.087354479,,,,,,,,
2025-01-14,0.548102686,0.9614775707651095,0.12602007908644583,0.11876364459010537,0.0757088,0.096510579,0.13109958323388415,,,,,,,,
2025-01-15,0.49026481337359273,0.960474437,0.11658589080963949,0.098101288,0.083482747,0.09785966,0.094235228,,,,,,,,
2025-01-16,0.5152499252911567,0.9595307814628002,0.12431656665492886,0.10512595102567285,0.049605931,0.12902369879040673,0.10717777785395809,,,,,,,,
2025-01-17,0.5222417584692208,0.9588503417621951,0.12688183138790307,0.10951397614088972,0.072245453,0.11144373783500232,0.10215675968208546,,,,,,,,
2025-01-20,0.48684144072354235,0.9582543832018227,0.12475387253004863,0.10522717943838884,0.069066637,0.091245103,0.096548649,,,,,,,,
2025-01-21,0.47349128606040725,0.9558800721635949,0.11879364921982792,0.11061756809943489,0.066611014,0.096309426,0.081159629,,,,,,,,
2025-01-22,0.48443684434376916,0.9544666449895821,0.1368669151305816,0.099888836,0.038899018,0.11045400168432902,0.098328073,,,,,,,,
2025-01-23,0.47932219194862624,0.9528910792677113,0.13664098495159635,0.097806179,0.085939988,0.096487713,0.062447327333141844,,,,,,,,
2025-01-24,0.44440749991604184,0.9515323523653465,0.13584770062071302,0.093956339,0.042130740633031696,0.085458377,0.087014342,,,,,,,,
2025-01-27,0.4910174699403047,0.9497783177677425,0.13559728184482867,0.10656632194324861,0.06152652,0.1090751703298049,0.078252176,,,,,,,,
2025-01-28,0.4901667433057122,0.9492876027479686,0.13493018756040312,0.10197378776688873,0.061494731498767795,0.11678028622484446,0.07498775,,,,,,,,
2025-01-29,0.4858513410203218,0.9487885436284836,0.13485925211323102,0.097862466,0.061462403,0.11528675888617802,0.076380461,,,,,,,,
2025-01-30,0.47188563180872467,0.948304038,0.13192758058150897,0.097454641,0.060596032,0.10687803996476675,0.075029338,,,,,,,,
2025-01-31,0.49487189823489375,0.9477792317435328,0.12970865460842312,0.10014271127856199,0.074153293,0.1466375415150372,0.044229697,,,,,,,,
2025-02-03,0.5461726847664978,0.9437237217764955,0.12108153411472021,0.1064805255891216,0.10363154831583406,0.14636620741514705,0.068612869,,,,,,,,
2025-02-04,0.4031506256114434,0.941000433,0.10842218821493901,0.095757151,0.048766312,0.086406329,0.063798646,,,,,,,,
2025-02-05,0.4479811155199571,0.9387058166535736,0.11394353623530801,0.10721319264420691,0.042861662,0.088321,0.095641725,,,,,,,,
2025-02-06,0.4597236405584355,0.9364086452573819,0.10047252508233294,0.10412392986258186,0.040165453,0.12214537926187488,0.092816354,,,,,,,,
2025-02-07,0.4669915070517507,0.9353949309804529,0.1003637580033115,0.099775459,0.078243727,0.11260037093689226,0.076008192,,,,,,,,
2025-02-10,0.46346669108786565,0.9358801610740491,0.10159302880589995,0.091704484,0.068748933,0.11713217110297851,0.084288075,,,,,,,,
2025-02-11,0.4238013925399322,0.9358947418590167,0.10159461160054485,0.087938789,0.04602954,0.10642123857113853,0.081817213,,,,,,,,
2025-02-12,0.3908581950658719,0.935940557,0.09547771,0.086177168,0.051565027,0.10477825108693553,0.052860039,,,,,,,,
2025-02-13,0.3708496436187123,0.9362510850329507,0.095509387,0.084439249,0.030030695,0.074664552,0.08620576,,,,,,,,
2025-02-14,0.3452371064629073,0.9345028928771238,0.099327666,0.087455365,0.044550515,0.073467209,0.040436351591161095,,,,,,,,
2025-02-17,0.36547247695463525,0.9339460597201381,0.094451903,0.083878929,0.044758924,0.099503436,0.042879284502874274,,,,,,,,
2025-02-18,0.37322662751182434,0.9345359649508671,0.092748286,0.080405358,0.048313746112554276,0.075233084,0.076526153,,,,,,,,
2025-02-19,0.36346983910018066,0.9354435807207626,0.066951874,0.079306789,0.041889046,0.08895539,0.086366741,,,,,,,,
2025-02-20,0.3691635401296388,0.9349634100129429,0.065506241,0.080677346,0.084087904,0.066799901,0.072092147,,,,,,,,
2025-02-21,0.38112382743322554,0.9348764048423766,0.075613274,0.085961591,0.063971417,0.080434649,0.075142896,,,,,,,,
2025-02-24,0.37843996174050876,0.9352184320289225,0.076229125,0.08269919,0.081287539,0.0774055,0.060818607466534974,,,,,,,,
2025-02-25,0.4321596888978692,0.9351305189815079,0.077045345,0.097159473,0.088690366,0.10809873546465483,0.06116577,,,,,,,,
2025-02-26,0.384366839,0.9350417295331163,0.074803338,0.10197247540946061,0.069275419,0.0868001,0.051515507,,,,,,,,
2025-02-27,0.48228020605683514,0.9344693244337895,0.077343499,0.10167496423084631,0.093446932,0.1352923512482128,0.074522459,,,,,,,,
2025-02-28,0.5463937718138646,0.9345590546299964,0.089929268,0.12425521015646623,0.13518778777666618,0.1444746010239328,0.052546905,,,,,,,,
2025-03-03,0.4962668630905913,0.9335829535187412,0.089952773,0.12518231804414823,0.10240054534192987,0.11320427260277569,0.065526954,,,,,,,,
2025-03-04,0.48399291424194596,0.9339183660736579,0.08234928,0.12240791666022034,0.10278975727225796,0.10044027710603493,0.076005683,,,,,,,,
2025-03-05,0.4197370537675259,0.9323580825515032,0.080217978,0.10942013723528964,0.068255648,0.080921645,0.080921645,,,,,,,,
2025-03-06,0.4243725160501329,0.9294108822585552,0.078795338,0.1119969339878863,0.066637007,0.11889444871156615,0.048048789,,,,,,,,
2025-03-07,0.5058122539659701,0.9284708887161074,0.082452886,0.11036540752663165,0.096817908,0.1165552134514057,0.099620839,,,,,,,,
2025-03-10,0.4873351046723646,0.9299841771832209,0.10282466562818256,0.11463955894837191,0.0790779,0.13464299219344494,0.056149988056345426,,,,,,,,
2025-03-11,0.5507643608563885,0.931810315,0.11369257927871819,0.12037348342190062,0.11978743919881443,0.10841818127094259,0.088492678,,,,,,,,
2025-03-12,0.4930764816474835,0.935550842,0.11450200874534644,0.10979483469620578,0.074491029,0.098615296,0.095673313,,,,,,,,
2025-03-13,0.5134180296328997,0.9372384237845126,0.11470855174117371,0.11128969459780881,0.10221203942404686,0.11812740888453861,0.067080335,,,,,,,,
2025-03-14,0.48476979201583037,0.9402097698282145,0.11507221459658527,0.10241781895235645,0.1033639419911773,0.089172096,0.07474372,,,,,,,,
2025-03-17,0.44991997360442193,0.942768527,0.11562255515664507,0.10103632512149907,0.061309601042036414,0.077911814,0.094039678,,,,,,,,
2025-03-18,0.49179976710201057,0.9428039904656338,0.11669422976329356,0.0971266,0.081472496,0.12523283194109552,0.07127361,,,,,,,,
2025-03-19,0.48072895621555023,0.9450532151121721,0.1181613705435848,0.087967218,0.065024416,0.1314753277879324,0.078100624,,,,,,,,
2025-03-20,0.5039045649113794,0.9463834847733203,0.11963715750908015,0.095709726,0.063925526,0.1203514091957015,0.10428074624672061,,,,,,,,
2025-03-21,0.4801066014077724,0.9487565203061867,0.11325408022271338,0.092250162,0.067666031,0.096069056,0.11086727136659717,,,,,,,,
2025-03-24,0.49849337885771045,0.9503650748006708,0.11284838120903565,0.092645652,0.088222569,0.12468311610277984,0.08009366,,,,,,,,
2025-03-25,0.4729072847200938,0.952282906,0.11271675656575691,0.09103585,0.091514986,0.088161034,0.089478658,,,,,,,,
2025-03-26,0.4994210796853998,0.9530479077049754,0.11244766508519083,0.084036048,0.057902156,0.12395616812162827,0.12107904236251892,,,,,,,,
2025-03-27,0.4789483004630932,0.9538173819342662,0.1124184763361519,0.083384035,0.1112187060444107,0.08602353,0.085903553,,,,,,,,
2025-03-28,0.48926323397555044,0.9540453053975044,0.094684496,0.094204474,0.11568549363562194,0.11484545374407695,0.069843317,,,,,,,,
2025-03-31,0.5445152469943633,0.953501369,0.094150764,0.10902298667794633,0.1471630414233665,0.12005721635272196,0.074121238,,,,,,,,
2025-04-01,0.4842565180374494,0.9519879620172408,0.059514216,0.11148437643245929,0.09543829,0.10130588878824978,0.11651374679783338,,,,,,,,
2025-04-02,0.4831187428160501,0.9485784157539139,0.056556751,0.11287486557272991,0.13733506371481197,0.083761264,0.092590799,,,,,,,,
2025-04-03,0.539376176,0.9463784148116027,0.067020258,0.11951747527935211,0.14332573728719117,0.089161941,0.12035076444962649,,,,,,,,
2025-04-04,0.5822052916232391,0.9449840890985608,0.064306464,0.1250469511612184,0.1469182810221159,0.1565464207978371,0.089387174,,,,,,,,
2025-04-07,0.6493792026946396,0.9437960989803262,0.061020276085017325,0.13094428895286792,0.1774811532044765,0.16204800944756548,0.11788547500471246,,,,,,,,
2025-04-08,0.6293962475943901,0.9426714710579124,0.055730263,0.12592667953000042,0.13778418231060308,0.15889053726007585,0.15106458542487808,,,,,,,,
2025-04-09,0.5872495872419329,0.9414467067096925,0.055657856,0.11936833715262518,0.17028935399352682,0.1113157112335989,0.13061832924538253,,,,,,,,
2025-04-10,0.5384731374138073,0.9389913231936315,0.056457591507742884,0.11834834035723511,0.1096080437639862,0.10193075621586216,0.15212840556898083,,,,,,,,
2025-04-11,0.5732810041765156,0.9312594979982219,0.055992709,0.12006804848404751,0.15825554487994947,0.10495704530898203,0.1340076560641467,,,,,,,,
2025-04-14,0.5861288403825542,0.9276775395264394,0.061028346,0.11972291264831784,0.12182331462460413,0.1457445593545312,0.13780970744411639,,,,,,,,
2025-04-15,0.5665631585535953,0.9279310075197943,0.061628625405088226,0.12045594965539974,0.11718776497482687,0.14858568208461614,0.11870513643366429,,,,,,,,
2025-04-16,0.5700885127268626,0.9277796675902878,0.063369102,0.12382065752368498,0.16221556452207553,0.10899952321123635,0.1116836656457743,,,,,,,,
2025-04-17,0.5841104341920901,0.9259577172137817,0.062778769,0.11821975886440109,0.11752092285140955,0.13336120581255098,0.1522297781633224,,,,,,,,
2025-04-18,0.5879362514642115,0.9275834886168844,0.064989183,0.12216099529331802,0.12204431812493853,0.15448057093443462,0.12426118432414869,,,,,,,,
2025-04-21,0.5642409706231173,0.929296813,0.064290974,0.12717923680090149,0.13197183671711193,0.12238663688469108,0.1184122857346629,,,,,,,,
2025-04-22,0.6078211555174452,0.9296225829864735,0.06232564,0.1226634074909196,0.14195746110007282,0.15739270398739544,0.12348194309858065,,,,,,,,
2025-04-23,0.6058459144083556,0.932160832,0.090636519,0.12827471073403152,0.10611390604597673,0.14375209813521267,0.13706868084833898,,,,,,,,
2025-04-24,0.6174958827345067,0.9347091141925603,0.091119442,0.11780862043030764,0.1379136843959589,0.15637271973284345,0.11428141622580738,,,,,,,,
2025-04-25,0.578633211,0.9382284374892396,0.081549164,0.11896028490429605,0.10456231391389516,0.1621541978754988,0.11140725094211854,,,,,,,,
2025-04-28,0.5709699634107601,0.9396007470742169,0.079422856,0.12303451291877485,0.11381578860785799,0.1253982883831125,0.1292985178992696,,,,,,,,
2025-04-29,0.5260405201878683,0.9412608902753886,0.081931137,0.12360709049654162,0.093415703,0.13047415107968283,0.096612439,,,,,,,,
2025-04-30,0.5394865387740719,0.9415846285958007,0.080774933,0.12661056200866808,0.11843831806236489,0.12021489283330036,0.093447833,,,,,,,,
2025-05-01,0.578444334,0.9406079883595697,0.080809466,0.12103672604928804,0.10731213150215471,0.1450547665067714,0.12423124374560357,,,,,,,,
2025-05-02,0.5135917720160728,0.94340448,0.078913708,0.11214053247578296,0.099443139,0.12080324027549952,0.10229115237473536,,,,,,,,
2025-05-05,0.5319566104120735,0.9433537927227267,0.07499366,0.11545701136090732,0.089351623,0.1550897367407049,0.097064579,,,,,,,,
2025-05-06,0.5270471469203505,0.9449762783078001,0.069417125,0.11708196655763312,0.088792111,0.1546432878086098,0.097112657,,,,,,,,
2025-05-07,0.47431918788538807,0.9464953673917756,0.071195501,0.1081028671184569,0.069290604,0.1313187912242929,0.094411425,,,,,,,,
2025-05-08,0.4608374780945301,0.945948348,0.061278415,0.10316191415129293,0.052354373963747286,0.18383524494088538,0.06020753,,,,,,,,
2025-05-09,0.4268259488677025,0.9433601038360396,0.063721305,0.10015043114938586,0.062534689,0.12779859519892012,0.072620929,,,,,,,,
2025-05-12,0.42751519970656887,0.9409595342378799,0.062493916,0.097054946,0.032667274396183006,0.1839309580132913,0.051368105391099365,,,,,,,,
2025-05-13,0.37394596672077546,0.9381099512244128,0.075638802,0.092748984,0.044958477,0.12885736688516466,0.031742337,,,,,,,,
2025-05-14,0.34766813895221654,0.9359843226109451,0.072641802,0.091950158,0.024017711,0.11643880441034275,0.042619663494988955,,,,,,,,
2025-05-15,0.4368843948433558,0.9334133133578818,0.084300724,0.091580174,0.067628436,0.1244551084477176,0.068919952,,,,,,,,
2025-05-16,0.4561080588326813,0.9307133130697679,0.10114922043928044,0.093422544,0.043199146,0.15769444436540597,0.060642704,,,,,,,,
2025-05-19,0.4387098211743273,0.928331935,0.10789669277750291,0.094000907,0.077652923,0.11537005677940787,0.043789242,,,,,,,,
2025-05-20,0.44648359415766936,0.9238793788530636,0.10273073847875576,0.090179924,0.060313635,0.15421231896075668,0.039046978,,,,,,,,
2025-05-21,0.38181098887947956,0.9220526614799096,0.094640877,0.084550489,0.038273884,0.11400978191632093,0.050335956614123385,,,,,,,,
2025-05-22,0.4866131594393428,0.919119653,0.098617492,0.082778575,0.084050313,0.17330318983121287,0.047863589,,,,,,,,
2025-05-23,0.38873821203012193,0.9173252554584355,0.099694216,0.081924645,0.062308885276422046,0.11296370126966146,0.031846764,,,,,,,,
2025-05-26,0.4219322827063889,0.9137460222053366,0.10033965753273698,0.080340688,0.034595919,0.15803783402922492,0.048618184577717924,,,,,,,,
2025-05-27,0.4769687079201384,0.912611607,0.099296735,0.083799556,0.075649189,0.16381091364669975,0.054412314694138535,,,,,,,,
2025-05-28,0.4160711923751653,0.9139999943030018,0.09772327,0.070820628,0.053000503,0.14003169724038447,0.054495094,,,,,,,,
2025-05-29,0.3983648481788997,0.9142611267385253,0.092806129,0.060950742,0.064860789,0.12972157873723986,0.050025609,,,,,,,,
2025-05-30,0.5109370936422619,0.9132081597248158,0.090631602,0.057779082,0.11785554363241023,0.17460080538134845,0.07007006,,,,,,,,
2025-06-02,0.49617001948535167,0.9154215954765711,0.091196717,0.063215906,0.098566149,0.1313831497407255,0.11180809675569191,,,,,,,,
2025-06-03,0.4974227443975252,0.9151841744874624,0.091173065,0.070221679,0.10429646063970328,0.14688993794289334,0.084841602,,,,,,,,
2025-06-04,0.399685321,0.9178215768810044,0.082892565,0.059225468,0.075272914,0.11244757432479226,0.069846799,,,,,,,,
2025-06-05,0.4628875264021597,0.9140476490057549,0.085656038,0.055187783,0.087380656,0.1164692161563308,0.11819383436200202,,,,,,,,
2025-06-06,0.4850982325990959,0.9123565055980156,0.08492375,0.045675206,0.11579468102495571,0.13817323682264288,0.10053135835268703,,,,,,,,
2025-06-09,0.42952518155927394,0.9142503864514664,0.080730034,0.051865021923221566,0.092115039,0.12983505488096928,0.074980032,,,,,,,,
2025-06-10,0.5257424248102183,0.9129865175275741,0.086245645,0.051219117838653856,0.10657251424724389,0.16399304994080202,0.11771209817179416,,,,,,,,
2025-06-11,0.48082104914794205,0.914480225,0.090757849,0.049462452,0.093518544,0.14252088035748808,0.10456132384580843,,,,,,,,
2025-06-12,0.44736521417802505,0.916401302,0.081726858,0.052217583618305946,0.099363261,0.10455043784062582,0.10950707381322437,,,,,,,,
2025-06-13,0.5202267089578503,0.9176397462203036,0.076412266,0.061983968,0.13666483767608048,0.15409422153510763,0.091071416,,,,,,,,
2025-06-16,0.411803533,0.9206518814359728,0.076431477,0.055239112886158376,0.088822641,0.11233111006199922,0.078979193,,,,,,,,
2025-06-17,0.5248771171121106,0.9205323364309019,0.068779397,0.060905662,0.11648497238358334,0.16141158201065126,0.11729550400056651,,,,,,,,
2025-06-18,0.4897671389606833,0.9226655816913345,0.06708185,0.054663584,0.10306000459646605,0.1335834068587077,0.1313782941477473,,,,,,,,
2025-06-19,0.4795476102423278,0.9242190306488495,0.066381015,0.054988126,0.10381479174458147,0.15647783839664803,0.097885839,,,,,,,,
2025-06-20,0.4239143232964399,0.9268753768445261,0.068786978,0.050832411,0.08884013,0.1088932832670173,0.10656152131269146,,,,,,,,
2025-06-23,0.49873761357748697,0.9272600626616043,0.079895993,0.061467428,0.11523684803895161,0.1664402653356113,0.075697079,,,,,,,,
2025-06-24,0.42076335927344716,0.9286698240488354,0.080951973,0.063897156,0.084806829,0.1086368473415619,0.082470553,,,,,,,,
2025-06-25,0.4853814902330485,0.9271462872063273,0.060876775,0.061459886,0.10694253400857891,0.14566109593971108,0.11044119924331977,,,,,,,,
2025-06-26,0.4700946240787753,0.9305907025463802,0.047758617,0.064965766,0.1259516472880384,0.11167088430556564,0.11974770927106256,,,,,,,,
2025-06-27,0.49560568245027753,0.9303577746115007,0.042597513,0.062257904,0.12229231125396459,0.15821933475154076,0.110238619,,,,,,,,
2025-06-30,0.40857156939122724,0.9320355743644922,0.042557096037020216,0.06108057,0.094141455,0.11196150610290444,0.098830942,,,,,,,,
2025-07-01,0.4349199279356848,0.9327254996192859,0.042471274322286985,0.067461278,0.095267057,0.15087861541011344,0.078841703,,,,,,,,
2025-07-02,0.43822191315107883,0.9335113101690986,0.034522305055310065,0.056362947,0.11249104844553416,0.12599467117125068,0.10885094144990624,,,,,,,,
2025-07-03,0.42606182933779646,0.9323400889720563,0.034478991969532656,0.049255703,0.07400083,0.1631301966993875,0.10519610815194147,,,,,,,,
2025-07-04,0.4554016059131882,0.9311838392515034,0.032913541991153775,0.047906187453316346,0.13516806924480945,0.12556340574561156,0.11385040147829703,,,,,,,,
2025-07-07,0.4126260516678755,0.9298121062243792,0.033215929329273426,0.050057809,0.098127341,0.167249222,0.063975751,,,,,,,,
2025-07-08,0.3317840950989264,0.9287618155057972,0.029089521013955164,0.044977773455312196,0.073950469,0.11565713174223137,0.0681092,,,,,,,,
2025-07-09,0.3774390760752364,0.9258379064480495,0.033073958,0.042972853770984955,0.078841794,0.14836698022827866,0.07418349,,,,,,,,
2025-07-10,0.38214385255282246,0.9253864233307761,0.038063064,0.044115906219165314,0.063089238,0.12291925321223897,0.11395639099884654,,,,,,,,
2025-07-11,0.4478079388632544,0.925174926,0.037006997026641085,0.044687695,0.1024092999479376,0.14919173015142728,0.11451221721451205,,,,,,,,
2025-07-14,0.3830318011882599,0.9264079158645164,0.034609201,0.043581957,0.081104391,0.1528864384420435,0.070849813,,,,,,,,
2025-07-15,0.4364345966252733,0.9252413448455794,0.034798385,0.039802835,0.089032658,0.14966797100269377,0.12313274752787712,,,,,,,,
2025-07-16,0.46975961242312336,0.9250901458419198,0.036072698,0.042123602,0.11764353930140642,0.14254533693790591,0.1313744370635884,,,,,,,,
2025-07-17,0.42298944560570395,0.9248531607715472,0.036063456583544616,0.034783786,0.090274975,0.14192715171588524,0.11994007657301452,,,,,,,,
2025-07-18,0.4182604109289088,0.9252004081482539,0.044688925374708116,0.03817179,0.088679586,0.12347643182959718,0.12324367700993723,,,,,,,,
2025-07-21,0.3865317651096548,0.9261384968721385,0.037744512325355084,0.043336292,0.0684993,0.11241806911718413,0.12453359159198946,,,,,,,,
2025-07-22,0.4066590467547817,0.9258131219073635,0.045067884,0.049842517758031654,0.11004948430219606,0.1256543847217667,0.076044776,,,,,,,,
2025-07-23,0.3990407406766364,0.9259701950902683,0.042513097,0.045774376,0.076290626,0.12078378519605139,0.11367885665510719,,,,,,,,
2025-07-24,0.3859539925023649,0.92642942,0.042534181,0.040320073,0.080174018,0.12224207069292897,0.10068365021800822,,,,,,,,
2025-07-25,0.3975319772920072,0.9270692928927711,0.042563559,0.039998084,0.078830043,0.16722231018971498,0.068917981,,,,,,,,
2025-07-28,0.45605243019275293,0.9265568157506733,0.046619211,0.044754442,0.076455506,0.16048663336964494,0.12773663774374064,,,,,,,,
2025-07-29,0.38900445343349266,0.9278684082797077,0.040966266,0.048319185,0.075396603,0.13620407955502128,0.088118321,,,,,,,,
2025-07-30,0.39992961143812883,0.9291175952463832,0.03424295,0.048617977311005714,0.079705434,0.13264760636536416,0.10471564343908923,,,,,,,,
2025-07-31,0.4099626783608282,0.930403452,0.036513947,0.047983071,0.095498015,0.13645917298564822,0.093508473,,,,,,,,
2025-08-01,0.45544849906321333,0.9312797241647494,0.036548336,0.045685420430723565,0.1334248560784465,0.11081643007042177,0.12897345613904268,,,,,,,,
2025-08-04,0.3955309190834123,0.9316950538409267,0.033283194376204174,0.055198537,0.088481732,0.11930384463019666,0.099263611,,,,,,,,
2025-08-05,0.38078637661772063,0.9314620597264243,0.031517395480051336,0.057528034129015644,0.080140887,0.1400122215563619,0.071587839,,,,,,,,
2025-08-06,0.3662787551693732,0.9303246337369062,0.028202293928376657,0.050904555,0.10262826462732916,0.12006453763698943,0.064479104,,,,,,,,
2025-08-07,0.37630744677042444,0.9302376249455455,0.018136708410887995,0.048325552,0.079567495,0.1372539288127201,0.093023762,,,,,,,,
2025-08-08,0.39675056761642047,0.9298841428509853,0.018129816621622986,0.046084824186577146,0.11217092993636416,0.13310794397036746,0.087257053,,,,,,,,
2025-08-11,0.39265805846400764,0.929333601,0.013793882375335785,0.046291334,0.097959944,0.14109505107652792,0.093517847,,,,,,,,
2025-08-12,0.3354703102308794,0.9289407754564578,0.017644032338858508,0.04054622,0.11205713253619412,0.10119027818179782,0.064032647,,,,,,,,
2025-08-13,0.3336090588572159,0.9276642245242626,0.028938456312203414,0.040023752076958755,0.075263324,0.10396840554102114,0.085415121,,,,,,,,
2025-08-14,0.382297073,0.9277355699926059,0.026956845,0.040376919,0.094757394,0.1504215282667257,0.069784386,,,,,,,,
2025-08-15,0.35425189728360357,0.9270252084939592,0.022038712503818655,0.040229396,0.098649475,0.11730658613143688,0.076027728,,,,,,,,
2025-08-18,0.3971094575151731,0.9271718611587743,0.029506224009203767,0.038836255,0.13073706369295424,0.10974449325162348,0.088285421,,,,,,,,
2025-08-19,0.3738560497193201,0.9270603852990003,0.032184738,0.038131918,0.12419110821930006,0.11941004208128005,0.059938243779080025,,,,,,,,
2025-08-20,0.4028511316791872,0.9272340755210011,0.024842875,0.038139062,0.12946287092180017,0.13144563561159353,0.078960688,,,,,,,,
2025-08-21,0.33901876498010114,0.9274601450763261,0.025548902109649742,0.038498346,0.10161230017125536,0.11246183394384636,0.060897383,,,,,,,,
2025-08-22,0.33460954339685045,0.927203161,0.034172393243386966,0.035805204,0.097385489,0.076158951,0.091087506,,,,,,,,
2025-08-25,0.3579155547003508,0.9250418270051325,0.034092736517296086,0.035489026,0.087849884,0.13904716770706083,0.06143674,,,,,,,,
2025-08-26,0.4080918130402776,0.9237841439835439,0.035092177545035255,0.03625417,0.13304815658630917,0.12224162509065262,0.081455684,,,,,,,,
2025-08-27,0.3550353341373428,0.9233009180215487,0.035538375,0.037628868,0.10313097046580319,0.11706758809631714,0.061669533,,,,,,,,
2025-08-28,0.3028541114768754,0.9231940898163951,0.037392263763632604,0.040876015045958634,0.098125661,0.084074531,0.042385641,,,,,,,,
2025-08-29,0.3777503636883191,0.9209185499301248,0.037879291299012685,0.042049489,0.11201613053867053,0.12614846551873035,0.059656987825662186,,,,,,,,
2025-09-01,0.3617062941189985,0.9219509580782423,0.032355260038217565,0.038153694,0.13301606904600558,0.12211501369262759,0.036066258,,,,,,,,
2025-09-02,0.32522299,0.9210982448935584,0.032325335,0.038929435255878705,0.081566436,0.11481866172195175,0.057583123,,,,,,,,
2025-09-03,0.3070218983518608,0.9203710753760531,0.032299815098102994,0.039824862,0.093889427,0.078839334,0.062168461317854175,,,,,,,,
2025-09-04,0.38181922878325525,0.9181678369107318,0.073453427,0.045504167011676526,0.08592665,0.12022801487095243,0.056706969550084196,,,,,,,,
2025-09-05,0.31134788521416396,0.9157290741593055,0.073834256,0.04515293,0.088693256,0.074410186,0.029257256,,,,,,,,
2025-09-08,0.34302325651958104,0.9117468703880538,0.070187306,0.043809723834998315,0.082573301,0.098629221,0.047823704,,,,,,,,
2025-09-09,0.31799887098517127,0.9113522077621166,0.069698383,0.043102947,0.074398438,0.10374512553770007,0.027053977,,,,,,,,
2025-09-10,0.3263932947158341,0.9098270312029735,0.073358381,0.041314158272235654,0.078737232,0.097849322,0.035134201,,,,,,,,
2025-09-11,0.3684767448182231,0.9083380221100382,0.0683253,0.038732904,0.08934847,0.095518313,0.076551758,,,,,,,,
2025-09-12,0.37846267525258276,0.9084475447638987,0.06947624,0.038280494,0.086045409,0.1077567339260826,0.076903798,,,,,,,,
2025-09-15,0.3057810612312799,0.9077518434610437,0.065084094,0.040649013,0.10127998555345231,0.070793226,0.027974742,,,,,,,,
2025-09-16,0.36743713227661534,0.9063373259693116,0.079119258,0.043207779439291716,0.089721695,0.075129094,0.080259305,,,,,,,,
2025-09-17,0.4202513685808197,0.9046840997068821,0.082844028,0.047453241,0.13484913939027113,0.091264987,0.063839972,,,,,,,,
2025-09-18,0.4145608113152971,0.9059259070798822,0.081590308,0.047860236600446616,0.087174002,0.12022035622255042,0.077715908,,,,,,,,
2025-09-19,0.4087564180040721,0.9046808249254936,0.083867895,0.041308068,0.12255864760311408,0.1122031815567971,0.048818625646922874,,,,,,,,
2025-09-22,0.3584296152855533,0.9051827959085603,0.082548117,0.041330988,0.094161783,0.063419725,0.076969003,,,,,,,,
2025-09-23,0.4147193382891445,0.9062723307857884,0.092451177,0.048676513867362485,0.093933132,0.094731108,0.084927407,,,,,,,,
2025-09-24,0.4562082192136416,0.909214175,0.094352414,0.042429994817814246,0.12065672380807017,0.10956316721149878,0.089205919,,,,,,,,
2025-09-25,0.4311403089010909,0.9135302387429829,0.096064312,0.041712135,0.10755525829728706,0.10123523777768152,0.084573365,,,,,,,,
2025-09-26,0.4121079685816637,0.9164359021606228,0.094179639,0.032507538,0.14593809460821994,0.088992266,0.050490431,,,,,,,,
2025-09-29,0.3455702175884663,0.9169837215715307,0.096312127,0.034257128,0.087315305,0.063554469,0.064131189,,,,,,,,
2025-09-30,0.41350632980057106,0.9164692840575801,0.091185812,0.038964354,0.11182078057054753,0.096258095,0.075277288,,,,,,,,
2025-10-01,0.38125089687731617,0.9195827154656137,0.088603819,0.032156477345841594,0.087215769,0.076805399,0.096469432,,,,,,,,
2025-10-02,0.3857309957686888,0.9208893142225452,0.078188715,0.028842948,0.093131448,0.094289799,0.091278085,,,,,,,,
2025-10-03,0.3891779993100908,0.9208229447961968,0.076677332,0.028609216020712033,0.12845190512943175,0.080615443,0.074824103,,,,,,,,
2025-10-06,0.3890321296887653,0.9223994724204245,0.075764384,0.030050498535457864,0.12704747450319057,0.081217564,0.074952209,,,,,,,,
2025-10-07,0.37552492703727247,0.9242796191784258,0.069408168,0.031623152,0.12312102096980543,0.081731896,0.069640691,,,,,,,,
2025-10-08,0.36595285100350905,0.9262416954721097,0.068623441,0.031107739961138785,0.1170909313143988,0.092158136,0.056972602,,,,,,,,
2025-10-09,0.3606675330046689,0.9285320231175898,0.067274773,0.030834270956357705,0.11399336535380726,0.091568441,0.056996683,,,,,,,,
2025-10-10,0.4021010162752206,0.9306268062264931,0.068597146,0.037810372,0.086858502,0.12045471491912726,0.088380282,,,,,,,,
2025-10-13,0.39593572138255406,0.92961872,0.06302698,0.043148340575948754,0.14078753944022301,0.093195738,0.055777123,,,,,,,,
2025-10-14,0.42086426577115726,0.9304424118133203,0.058635427,0.045995455,0.13728414453547483,0.12066492158233126,0.058284317117362726,,,,,,,,
2025-10-15,0.3405641090499761,0.9313672744916784,0.056233496,0.040886437584603245,0.091379431,0.084936009,0.067128736,,,,,,,,
2025-10-16,0.3665944922829572,0.9305319966952457,0.055363728,0.043775970662141124,0.096564641,0.081348395,0.089541758,,,,,,,,
2025-10-17,0.44225715702313556,0.9296521412834287,0.061742934666371124,0.043968453,0.1285141765120111,0.1239536188377905,0.084077974,,,,,,,,
2025-10-20,0.33369781395459797,0.9328050706536755,0.04728559,0.043178901383717314,0.10278455872863143,0.091168496,0.049280268,,,,,,,,
2025-10-21,0.4121521223321683,0.931648954,0.031054965145869938,0.043945705,0.1215245239859137,0.12574331170384317,0.089883616,,,,,,,,
2025-10-22,0.3486365653558515,0.9325910816214734,0.029209456518710302,0.043520917142335434,0.10393405010272021,0.085986071,0.085986071,,,,,,,,
2025-10-23,0.41988028098488817,0.9324157077737041,0.017123609224523374,0.040580608162226625,0.1563408979197922,0.11916155460353253,0.086673611,,,,,,,,
2025-10-24,0.3597604814161573,0.9322346242693775,0.018058381400941403,0.036937598320107415,0.10389432416385769,0.099907409,0.10096276874162695,,,,,,,,
2025-10-27,0.2910440592032551,0.9303579697088368,0.014979348443110833,0.034054612,0.1073129884557237,0.072907298,0.061789812,,,,,,,,
2025-10-28,0.3929269044225949,0.9274848248692485,0.022982957295502135,0.037216057752615134,0.158430741,0.093331806,0.080965342,,,,,,,,
2025-10-29,0.3357105765506168,0.9276673908854374,0.016102906,0.035006317,0.11283702729386393,0.070596072,0.10116825508146847,,,,,,,,
2025-10-30,0.3831285137838273,0.9241115547880541,0.018598471542904234,0.032547325,0.12809697275175294,0.1190302178745871,0.084855526,,,,,,,,
2025-10-31,0.3442842612906017,0.9231230614705844,0.015443442412023617,0.029609607632075357,0.12180579767077274,0.082442437,0.094982977,,,,,,,,
2025-11-03,0.34746161407652415,0.9223104614051307,0.023782848375855575,0.028655432,0.10893704695087018,0.092115032,0.093971255,,,,,,,,
2025-11-04,0.3964533006827175,0.9205034288632019,0.031725527,0.030220301249471167,0.17217466650560773,0.11520766185143222,0.047125144,,,,,,,,
2025-11-05,0.3868264852137594,0.9190886304391471,0.030983113579583835,0.027630463229554234,0.17664999085673172,0.094336644,0.057226273,,,,,,,,
2025-11-06,0.35794677641938255,0.9188494906471072,0.033402202,0.024733810188488175,0.13788521287320743,0.11014636032537023,0.051779191,,,,,,,,
2025-11-07,0.45408675564269213,0.9169392195477272,0.044174556,0.032871405983786454,0.17554484178008062,0.11291616301097171,0.088579789,,,,,,,,
2025-11-10,0.32855194961103756,0.9187435805162674,0.04264357,0.029700264,0.11856992624021265,0.069916964,0.067721225,,,,,,,,
2025-11-11,0.42771315275112126,0.9157876553653145,0.042506370418842906,0.030180674931536155,0.13443071620268204,0.11335032111691441,0.10724507008114566,,,,,,,,
2025-11-12,0.38806671805265186,0.9176473552999945,0.044901235,0.034859057,0.12962490314489233,0.12050614326203704,0.05817538,,,,,,,,
2025-11-13,0.4691879630014941,0.9160226684336635,0.11268807166391485,0.036640906737346546,0.1357326670962083,0.074088374,0.11003794318920111,,,,,,,,
2025-11-14,0.4830415953183291,0.915855159,0.11773634877541911,0.029376486240442142,0.1772957346040802,0.067277914,0.091355112,,,,,,,,
2025-11-17,0.5185388377426294,0.9142567664790204,0.12029089028139064,0.030130222995912375,0.11914088177009628,0.12569593028447415,0.12328091241075599,,,,,,,,
2025-11-18,0.5415798859831322,0.9147142752423837,0.11954567697821847,0.032676585,0.1783405190724145,0.11252711461472344,0.09848999,,,,,,,,
2025-11-19,0.5339454132483321,0.9186033402562732,0.12144051705777902,0.031775587,0.16661962473579198,0.12744899173618485,0.086660692,,,,,,,,
2025-11-20,0.49938734274131613,0.9211437064485992,0.12270329372692663,0.023521027975983107,0.12223982519538017,0.10636602798991374,0.1245571678531125,,,,,,,,
2025-11-21,0.493494304,0.9216066987903963,0.12369237076847209,0.028633566616506654,0.18177098159790459,0.081263685,0.0781337,,,,,,,,
2025-11-24,0.5045298602725485,0.9222838328734789,0.12331920935151049,0.027958541,0.1607906153915273,0.10475752214902535,0.087703972,,,,,,,,
2025-11-25,0.4844959641699008,0.9252325042399018,0.12441176692232143,0.030957464921737603,0.14501128305445507,0.06913058,0.11498486970931109,,,,,,,,
2025-11-26,0.4873782765203563,0.9269515067791464,0.12464291330149785,0.032414153,0.11939601798010642,0.096659472,0.11426572033252373,,,,,,,,
2025-11-27,0.47019737534791317,0.9282515853031806,0.1279702814455706,0.032109332,0.1359100434330695,0.065736559,0.10847116009391887,,,,,,,,
2025-11-28,0.5080924563203916,0.9287962813858616,0.12734439581265275,0.029207430232259805,0.17395945446333938,0.10059038971990276,0.076990786,,,,,,,,
2025-12-01,0.4779957962007348,0.9300211893773472,0.12739535537508573,0.029479917,0.15863002928247588,0.068903457,0.093587038,,,,,,,,
2025-12-02,0.4574981302268323,0.9313982420751129,0.1282869276820439,0.033038277,0.12008593687131962,0.080135396,0.095951592,,,,,,,,
2025-12-03,0.4422923897891506,0.9312035219342547,0.1296656979599019,0.03022019,0.1296656979599019,0.06090891,0.091831894,,,,,,,,
2025-12-04,0.5106773278605233,0.9309527072898784,0.13009917708164215,0.027518728,0.15668109715142864,0.094500482,0.10187784343926973,,,,,,,,
2025-12-05,0.46007192443039163,0.9328160671312452,0.1341143100290583,0.02804315,0.11815670183662443,0.065590463,0.11416729978851593,,,,,,,,
2025-12-08,0.45143135319795047,0.9326609298138527,0.13409200538078414,0.026044116530650988,0.12189115799705577,0.060769605,0.10863446805127393,,,,,,,,
2025-12-09,0.4549931686435422,0.9325072675215677,0.13313154070905403,0.027212790700000468,0.15717732559483027,0.073896802,0.063574709,,,,,,,,
2025-12-10,0.5001856212790005,0.9338834403870485,0.13473764856904968,0.034888475697478424,0.155177362,0.073770918,0.10161121709871662,,,,,,,,
2025-12-11,0.44511457969105167,0.9354112895965794,0.11825010642069968,0.036239833609527865,0.16119666248393888,0.074362256,0.055065721,,,,,,,,
2025-12-12,0.43704886058840514,0.9352727972214859,0.117291444,0.031646337,0.11670322199292003,0.090233237,0.08117462,,,,,,,,
2025-12-15,0.436388025,0.9356215752343569,0.11298071851886576,0.034129592,0.17123640150515593,0.056019606,0.062021707,,,,,,,,
2025-12-16,0.45453137882627137,0.9361462335929679,0.11657670078704886,0.034501993,0.1734520002619424,0.091141784,0.038858900262349616,,,,,,,,
2025-12-17,0.4319183401537632,0.936137079,0.11610454836194398,0.031675582,0.11975489420293818,0.07618625,0.088197066,,,,,,,,
2025-12-18,0.42794685417360595,0.9356923791749633,0.11510781721171248,0.029659683,0.17066087418914427,0.065086527,0.047431953,,,,,,,,
2025-12-19,0.39798981631887886,0.9352701861469366,0.11752640452336979,0.027999284,0.1302319617691395,0.08164497,0.040587197,,,,,,,,
2025-12-22,0.408740987,0.9342986906258918,0.1182269789647355,0.024091978814881492,0.11411371428902403,0.079914857,0.072393458,,,,,,,,
2025-12-23,0.4062787309272878,0.9335017083444904,0.11824354972363549,0.01690871,0.13573936790518631,0.06833937,0.067047733,,,,,,,,
2025-12-24,0.38001409763541816,0.9330179358250692,0.1195906008309114,0.019129802,0.15022175570516838,0.054807469,0.036264471,,,,,,,,
2025-12-25,0.4050803386703913,0.9312864928946238,0.1015629420553005,0.019094302,0.14396869179465321,0.08680293,0.053651473,,,,,,,,
2025-12-26,0.4118817669974589,0.9313026301563699,0.10414189159861799,0.014994558070442185,0.12557942383995332,0.087155869,0.080010025,,,,,,,,
2025-12-29,0.39243093080273167,0.9268644978852395,0.10364560234213561,0.016788489018298682,0.10947493880682264,0.086507353,0.076014547,,,,,,,,
2025-12-30,0.4205323965704192,0.9222710490302984,0.10313194497961453,0.016589278,0.14501117123117901,0.11879315147258186,0.037006851,,,,,,,,
2025-12-31,0.42439787946128116,0.9218478529281925,0.12639171820021763,0.015074242,0.1387989786106977,0.09960595,0.044526991,,,,,,,,
2026-01-01,0.4249172263385349,0.9224718594733347,0.12647727381458304,0.015084445500821827,0.1380806934305998,0.10141388744398674,0.043860926148543464,,,,,,,,
2026-01-02,0.42529078372443085,0.9230307754870938,0.12237414306457824,0.011378241,0.10716445355655192,0.11366630555998301,0.070707641,,,,,,,,
2026-01-05,0.40938888750407576,0.9206907088139751,0.12217971041493635,0.010654533988790656,0.10862992262484387,0.095774996,0.072149725,,,,,,,,
2026-01-06,0.37675907128220104,0.919065547,0.12103919841438003,0.011560572914458453,0.11757102654004249,0.088091566,0.038496707805146656,,,,,,,,
2026-01-07,0.42592497225176706,0.9186390475858784,0.11901864390106352,0.012364072715935724,0.13149826869845657,0.081348665,0.081695322,,,,,,,,
2026-01-08,0.44317677636868413,0.9191900266451966,0.11539014422539702,0.013296459504930518,0.14267679155725443,0.093075217,0.078738165,,,,,,,,
2026-01-09,0.40772235646084565,0.920588678,0.11579731793832594,0.009263785,0.12714545509628186,0.1000488826987136,0.055466915,,,,,,,,
2026-01-12,0.4155485864079776,0.9204823800343889,0.11427875586087322,0.012852018136329205,0.12388882347632657,0.1076790708719474,0.056849918,,,,,,,,
2026-01-13,0.40109082221560655,0.9210491151398241,0.1134222746819985,0.010426971114790462,0.11110516998982282,0.10461727685173099,0.06151913,,,,,,,,
2026-01-14,0.33706914146617534,0.9202265366264059,0.11262646794182303,0.008334127,0.11690928326951826,0.070724329,0.028474934340892565,,,,,,,,
2026-01-15,0.38953474827243556,0.9183870844501371,0.10928228703016728,0.008664029,0.10500803267486475,0.1035062676311098,0.063074132,,,,,,,,
2026-01-16,0.37243209465218335,0.9166672298714726,0.10861641893571414,0.008186588,0.11288266893637382,0.10077574325882607,0.041970676,,,,,,,,
2026-01-19,0.34403898826013635,0.9162847426023729,0.10811007403283346,0.005762797,0.097967551,0.064428072,0.067770494,,,,,,,,
2026-01-20,0.35490354028157794,0.9145812464306463,0.10790908291219453,0.006442333,0.13413858280982813,0.091458125,0.014955417,,,,,,,,
2026-01-21,0.36748919,0.9124107002067035,0.10684960526948946,0.004475977,0.1123585000631903,0.072992856,0.070812252,,,,,,,,
2026-01-22,0.34102128117390396,0.9103825336912479,0.10661209293918894,0.00389346,0.10981847167420213,0.080388495,0.040308761240165955,,,,,,,,
2026-01-23,0.33306853319721075,0.9099294979099052,0.10793251780239506,0.004234892,0.11022164861474702,0.086414688,0.024264787,,,,,,,,
2026-01-26,0.39006655342608326,0.9083272114052026,0.10968479533949618,0.003998925,0.1382485441258233,0.075179787,0.062954502,,,,,,,,
2026-01-27,0.36374869971351825,0.9051023983481905,0.1111169736840043,0.005464769,0.10041513400542192,0.087550157,0.059201666,,,,,,,,
2026-01-28,0.3990385679699067,0.9032906080184387,0.10260017849567929,0.004999344,0.11066730216477479,0.092942354,0.087829389,,,,,,,,
2026-01-29,0.36400067239985673,0.9026217547033252,0.1082010732367634,0.006131016,0.12080371660431927,0.091170474,0.037694393,,,,,,,,
2026-01-30,0.4088855541167987,0.902454235,0.10432143926522432,0.003859553,0.1282733692815054,0.11805690624138551,0.054374286624638134,,,,,,,,
2026-02-02,0.4547265699874626,0.9030917390457972,0.10553109755642086,0.005679822,0.16426045970568845,0.12677363280190063,0.052481557665302936,,,,,,,,
2026-02-03,0.40520904713002487,0.9015986355118099,0.10456275999269041,0.002721807,0.11125386936315544,0.076891053,0.10977955712898517,,,,,,,,
2026-02-04,0.39559935223361076,0.8972938231832253,0.092551061,0.001128671,0.11783330206330661,0.12088071504770245,0.063205603,,,,,,,,
2026-02-05,0.43619342935403255,0.8925965928866301,0.088136896,0.003705118,0.17189501681879635,0.11115353798210867,0.061302860341647815,,,,,,,,
2026-02-06,0.44377286873471944,0.8904579269159563,0.097558346,0.004704306,0.1673388858883571,0.094982179,0.079189151,,,[카나리아 자산군] - risk off = 다른 자산군으로 이동,,,,,
2026-02-09,0.3971810724682779,0.8909676992445847,0.095372769,0.004706999,0.11420076547550088,0.082596628,0.10030391079545957,,,달러인덱스 - 상승 risk off,,,,,
,,,,,,,,,,이머징 채권 가격 emb / 하락 - risk off,,,,,
,,,,,,,,,,이머징 통화 cew 신흥국 통화 / 하락 - risk off,,,,,
,,,,,,,,,,미국 종합 채권 가격 bnd / 상승 - risk off,,,,,
,,,,,,,,,,물가연동채 tip / 실질 금리와 인플레이션 기대 - 약한 신호 / 상승 - risk off,,,,,
,,,,,,,,,,선진국 주식 vea 글로벌 주식 수급 / 하락 - risk off,,,,,
,,,,,,,,,,골드 gld / 상승 risk off,,,,,
,,,,,,,,,,vix 상승 risk off,,,,,
,,,,,,,,,,"원자재 dbc - 실물자산 수요 , 경기/ 상승-risk on ",,,,,
,,,,,,,,,,vvix,,,,,
,,,,,,,tail risk 얼마나 신경,,----------,option skewness,,,,,
,,,,,,,[기간 정해야함],,,,,,[5일] - 민감도 큼,,
,,,,,,,,,,며칠을 window로 잡아야하고 [일단은 10일 수익률],,,,,"0보다 크면 1점,,, 이런식으로 토탈스코어 구함"
,,,,,,,,,,스코어는 얼마나 주는게 적당할가,,,,,
,,,,,,,,,,risk off / transition / risk on,,,,,
,,,,,,,,,,,,,,,
,,,,,,,,,,업그레이드 하거나 뭘 제외하거나 추가해도 됨,,,,,
,,,,,,,,,,,,,,,
,,,,,,,,,,[경제 지표] 합치면 좋을듯,,,,,
,,,,,,,,,,pmi,,,,,
,,,,,,,,,,cpi,,,,,
,,,,,,,,,,실업률,,,,,
,,,,,,,,,,,방향 ,방향의 의미,,,
