,MM1,MM2,MM3,BD1,BD2,BD3,EQ1,EQ2,EQ3,FX1,FX2,FX3,FI1,FI2,FI3
2024-01-30,3.68,0.25,0.1350438525267369,-0.09100000000000019,0.41000000000000014,104.26,0.000735808689740769,17.11,12.05202639559724,-0.004604499681802987,8.73,-3.54,30.636,19.371175992928098,-0.007747338761414091
2024-01-31,3.68,0.2450000000000001,0.1350438525267369,-0.08700000000000019,0.42200000000000015,107.28,0.0006883276439584307,17.02,9.60039066473583,0.003873636705528538,8.735,-3.5475,31.574,19.450345700191622,-0.025160966769235626
2024-02-01,3.68,0.2450000000000001,0.1372358707136228,-0.07500000000000018,0.41000000000000014,113.92,-0.018169148889307207,16.79,10.304726532041169,-0.002097928295808016,8.46,-3.555,33.695,25.354426313798317,-0.035698497799342865
2024-02-02,3.68,0.24700000000000033,0.1389168626799569,-0.04599999999999982,0.43599999999999994,106.72,-0.028653351478489242,17.79,12.377220012789705,-0.007132935390622097,8.465,-3.555,32.938,27.224164772984814,-0.009347938320158677
2024-02-05,3.67,0.22699999999999987,0.13723587071362292,-0.07500000000000018,0.363,108.68,0.009176732395012488,18.06,12.65239990599936,0.00635232729610169,8.655,-3.56,33.285,28.357588408625382,0.00642453779689689
2024-02-06,3.67,0.2290000000000001,0.1389168626799569,-0.09299999999999997,0.379,110.6,0.005831027549772161,17.59,13.198771866351077,-0.0024046590268645973,8.495,-3.569,32.287,29.116613046238836,0.004828158985992204
2024-02-07,3.67,0.2290000000000001,0.14010522361500458,-0.09200000000000008,0.3799999999999999,107.86,-0.012957068550578432,17.62,13.789408036552093,0.00011299009453513698,8.44,-3.5625,31.587,29.37262088696948,-0.012773013672273903
2024-02-08,3.67,0.2250000000000001,0.14081342639333605,-0.10099999999999998,0.3660000000000001,108.6,-0.004115604809969531,17.24,14.225295358839654,0.00041425020712515526,8.245,-3.57,31.762,29.450676402634457,-0.010557419399368717
2024-04-01,3.63,0.19999999999999973,0.10138514372639175,-0.08400000000000007,0.3380000000000001,94.2,-0.0004478215121803686,17.13,13.859688979003431,0.0014472854121052592,7.28,-3.505,38.307,24.079391788524415,0.01145944363491358
2024-04-02,3.63,0.19999999999999973,0.10138514372639175,-0.09999999999999964,0.3049999999999997,96.57,-0.0019287736638693431,17.1,12.995721829513366,0.002075150077818,7.51,-3.515,38.659,24.07495062367469,0.004146474114268273
2024-04-03,3.62,0.18999999999999995,0.10428705324096671,-0.12300000000000022,0.29300000000000015,97.88,0.016777085240233025,17.63,13.910900573416844,-0.002403668367724321,7.47,-3.513,38.279,24.407428159228225,-0.0041745464014997236
2024-04-04,3.62,0.19399999999999995,0.10428705324096671,-0.12400000000000011,0.28500000000000014,96.13,-0.01294066797932758,17.2,15.014000634814355,-0.0014086073321717407,7.41,-3.5125,38.295,24.614631277947062,-0.0009134116642257606
2024-04-05,3.58,0.15900000000000025,0.16689107699019567,-0.10499999999999998,0.25,94.31,0.010134938001458815,18.12,14.46929789693984,0.004268903819740988,7.3,-3.5025,38.983,24.680786593931263,-0.002718883617059964
2024-04-08,3.56,0.13900000000000023,0.17446761123034005,-0.11000000000000032,0.18300000000000027,99.37,-0.0012674037749473843,18.16,13.593848091757721,0.00040659421896949155,7.36,-3.5175,38.415,24.69932419922135,-0.0023760875198757248
2024-04-09,3.57,0.14900000000000002,0.18191090936875773,-0.11799999999999988,0.18299999999999983,98.73,0.0045958824719887215,18.09,13.060237704622654,0.0012562349898392888,7.33,-3.525,37.71,24.82252813997403,0.0043419205287236196
2024-07-05,3.57,0.19999999999999973,0.0776835686751407,-0.09999999999999964,0.4549999999999996,98.78,-0.013200280359936922,16.72,12.52719808994124,-7.240867455915456e-05,6.9775,-3.335,35.159,14.079666111180062,0.0027732167144995934
2024-07-08,3.57,0.20499999999999963,0.0776835686751407,-0.08999999999999986,0.44999999999999973,97.96,0.001561719358681768,16.81,11.931976307665476,0.0018103479488758012,7.03,-3.3375,35.072,15.13327020049645,0.012961189426522135
2024-07-09,3.56,0.19899999999999984,0.08304722816122853,-0.08000000000000007,0.43999999999999995,95.62,-0.0033662728850567536,16.28,12.163290537816355,3.614153023234756e-05,6.89,-3.3525,35.358,15.035019342953534,0.00671460618284514
2024-07-10,3.55,0.18699999999999983,0.08732877984647285,-0.07799999999999985,0.43299999999999983,92.97,-0.0002127377606035985,16.08,11.359368157335435,0.0003614022406939199,6.85,-3.3575,35.114,14.768968755299664,-0.002633277817586821
2024-07-11,3.55,0.16599999999999993,0.08732877984647285,-0.06400000000000006,0.3919999999999999,89.67,-0.008145077214355645,16.12,11.540903796523828,-0.008417630057803493,6.65,-3.37,35.24,15.359230839139979,-0.007218200284844212
2024-07-12,3.55,0.16900000000000004,0.08732877984647285,-0.07399999999999984,0.45699999999999985,86.79,0.011880263544710945,16.44,12.896850243109743,0.002186031260247079,6.71,-3.32,35.255,15.072949281125462,-0.011375902926869186
2024-07-15,3.54,0.16199999999999992,0.09068162931231903,-0.10299999999999976,0.46799999999999997,94.5,-0.0013720686034301988,16.47,12.621480511607796,0.005962118733413346,6.9,-3.2975,35.347,15.283673207660728,0.008920269860762997
2024-07-16,3.55,0.17399999999999993,0.10138514372639108,-0.10199999999999987,0.5149999999999997,93.87,-0.0018071109992590095,16.34,12.112143280406983,0.0014094178020309656,6.88,-3.27,35.232,15.24508822454873,0.00036649407624733676
2024-07-17,3.54,0.16000000000000014,0.10428705324096607,-0.08700000000000019,0.4870000000000001,91.0,0.007955088639924113,16.53,11.90195149551649,-0.0038253338145073368,6.95,-3.288,35.626,14.829494158164366,-0.0061357529090165785
2024-07-18,3.52,0.13900000000000023,0.11968379391678591,-0.07499999999999973,0.45999999999999996,91.97,0.0066612972999589015,16.79,12.165012534697196,0.0024271844660193054,6.89,-3.293,35.713,14.599507665095398,-0.0015536336851742494
2024-07-19,3.52,0.13900000000000023,0.11968379391678591,-0.08000000000000007,0.44799999999999995,94.29,0.010228902225290715,17.27,12.705583585634173,0.005131726356113031,7.11,-3.304,36.25,14.672036756895695,-0.00777912270544745
2024-07-22,3.52,0.13900000000000023,0.11968379391678591,-0.07399999999999984,0.45100000000000007,94.45,0.01142924599171502,18.39,13.347231909042543,-0.0015819940315680014,7.24,-3.2975,35.601,13.855198949603361,-0.013885041669514764
2024-07-23,3.52,0.14000000000000012,0.11968379391678591,-0.08499999999999996,0.43299999999999983,95.04,-0.0039008362553418774,17.47,13.563288977978292,-0.0016925348410098406,7.105,-3.3025,35.226,13.799714985058914,0.003176553614692601
2024-07-24,3.51,0.13199999999999967,0.12051206534922868,-0.08700000000000019,0.46499999999999986,94.81,0.005615851262845584,17.42,13.566855864617688,-0.004436909313902171,7.0025,-3.281,35.233,14.445569116751415,0.0044741928012709264
2024-07-25,3.51,0.13199999999999967,0.12051206534922868,-0.10199999999999987,0.48999999999999977,99.08,0.017421185989103583,18.77,15.184844526622783,0.002318924598717409,7.2275,-3.26,36.636,15.36735404207293,-0.0033790811786612585
2024-07-26,3.5,0.12199999999999989,0.12078689367729603,-0.08700000000000019,0.4830000000000001,97.76,-0.007839448102853641,17.98,15.539040987185112,0.0005783899070961329,7.085,-3.2575,36.189,18.229519846693048,-0.023872656586350294
2024-07-29,3.5,0.125,0.12078689367729603,-0.06999999999999984,0.528,98.65,-0.012310113840184433,17.51,16.634741836266592,-0.0007948264026880203,7.175,-3.225,35.849,18.643800602114275,-0.005701048006593767
2024-07-30,3.5,0.12400000000000011,0.12078689367729603,-0.06099999999999994,0.5059999999999998,100.42,0.009885989304039389,17.78,17.116988797054496,0.0011570307697872373,7.095,-3.2375,35.744,19.15424537845622,0.0006630596202898964
2024-07-31,3.5,0.12199999999999989,0.10803508202138926,-0.05699999999999994,0.5,99.41,-0.011869154441437546,17.51,17.487556167326904,-0.009570587597963143,7.405,-3.2575,34.869,19.34112623923853,-0.001436755565278336
2024-08-01,3.49,0.121,0.10895194498396678,-0.03699999999999992,0.5150000000000001,101.82,-0.002522837271582201,17.12,16.344128285926672,-0.0011303967327888076,7.305,-3.2475,35.129,18.417218959232628,0.0016115245670547118
2024-08-02,3.48,0.11499999999999977,0.10895194498396678,-0.03400000000000025,0.544,112.26,0.036537686126551616,21.77,18.034175020000262,-0.006205965027561766,7.305,-3.22,36.511,23.0644282882183,0.0028407023185916813
2024-08-05,3.48,0.14900000000000002,0.10895194498396678,-0.07699999999999996,0.665,121.22,0.08767688392827111,45.86,23.590151314670745,0.005693714873452604,8.32,-3.09,39.769,36.23052363439235,-0.007285698524484241
2024-08-06,3.47,0.13000000000000034,0.10895194498396678,-0.05699999999999994,0.5300000000000002,119.24,-0.03301181626425831,43.08,26.131119223264704,0.006501570604134699,7.9725,-3.165,38.264,37.78095142318001,0.007292109534502655
2024-08-07,3.48,0.125,0.1182904543018882,-0.07099999999999973,0.5489999999999999,112.69,-0.018341494359970456,30.17,28.031230787729793,-0.0021773842357381,7.745,-3.1575,37.895,38.79463437378553,-0.003947208282245596
2024-08-08,3.47,0.11900000000000022,0.11968379391678512,-0.08099999999999996,0.5510000000000002,110.42,0.004547560553026853,29.02,27.60921502169852,0.001891184172243321,7.65,-3.138,38.688,38.53095444769341,-0.01475642908871333
2024-08-09,3.47,0.12200000000000033,0.11968379391678512,-0.07200000000000006,0.5300000000000002,108.26,-0.01239864983787875,26.53,27.459023337990686,-0.0089298678669959,8.18,-3.165,37.305,38.608297063103194,0.007622213590034788
2024-08-12,3.46,0.11399999999999988,0.1196837939167854,-0.05699999999999994,0.5150000000000001,118.26,-0.011539813709468882,24.49,29.26608446616113,0.0037359900373599153,8.315,-3.183,37.338,38.6708899424563,0.004717330325517022
2024-08-13,3.49,0.14900000000000002,0.16368133353369432,-0.06000000000000005,0.5750000000000002,118.44,-0.0012221670549592556,23.64,29.294233121420596,-0.002773317763830052,8.005,-3.175,37.191,38.85626170117081,-0.008417598617856958
2024-08-14,3.49,0.15200000000000014,0.16184788179678275,-0.052999999999999936,0.6030000000000002,106.34,-0.008773602899103672,22.1,29.90424638011367,-0.004098360655737765,7.915,-3.1835,36.513,38.86961392882945,0.01262733430701457
2024-09-13,3.53,0.4299999999999997,0.101711666773753,-0.1070000000000002,0.71,100.6,-0.001290779094043959,21.68,18.58236258191004,-0.00629657228017888,8.365,-3.145,32.297,23.194257940721464,-0.023624530708163505
2024-11-07,3.43,0.367,0.3759241244831478,-0.1719999999999997,0.508,104.08,-0.00043690096781356935,19.77,18.775430497541773,-0.01031590219525258,8.94,-3.15,33.287,16.905478797428657,0.0016663839702110161
2024-11-08,3.43,0.3690000000000002,0.10648943609579235,-0.1549999999999998,0.548,99.85,0.0013569208813747347,19.03,18.838521182611256,0.00692490802856538,8.645,-3.13,32.552,16.801156617894407,-0.001172271407625658
2024-11-12,3.44,0.379,0.11046313983930427,-0.11500000000000021,0.54,108.55,0.019390439474494925,21.62,19.456081276460008,0.00481661195946903,9.28,-3.145,32.887,15.544005538735991,-0.0026669252626086992
2024-11-13,3.44,0.3700000000000001,0.11046313983930427,-0.11999999999999966,0.4979999999999998,102.08,0.026379920807872548,24.86,20.584393530473704,-0.002947129212086841,8.97,-3.17,33.407,16.182944826657728,-0.01208399514668601
2024-12-13,3.32,0.43900000000000006,0.5604208944600195,-0.1389999999999998,0.7839999999999998,85.66,-0.004971556572607394,19.49,21.374081607091817,0.003109713487072119,8.65,-2.79,36.445,29.816937592864917,0.006760277111327873
2024-12-16,3.38,0.5069999999999997,0.6074381060088171,-0.16100000000000003,0.8289999999999997,90.88,0.0022008771437506125,18.88,19.149899925301252,0.0009753039116653373,8.635,-2.803,36.0,28.760484378592956,0.004313300151495558
2024-12-17,3.38,0.5069999999999997,0.6074381060088171,-0.17200000000000015,0.762,90.42,0.012921007485023894,18.36,20.16359108262603,0.00027838674879077097,8.535,-2.845,35.985,28.85318280079569,-0.006427776572151989
2024-12-18,3.38,0.5169999999999999,0.6074381060088171,-0.19499999999999984,0.8399999999999999,87.21,-0.01124222060313973,17.96,20.924639011127773,0.0011828144025047838,8.465,-2.79,35.933,28.56804295148957,-0.0027475273678128076
2024-12-19,3.39,0.5270000000000001,0.609127935745245,-0.20999999999999996,0.79,90.41,0.019521580402748318,20.3,22.785391068858072,0.005698599673372939,8.6,-2.835,36.53,28.912187277614816,-0.006293565658145983
2024-12-20,3.39,0.5270000000000001,0.609127935745245,-0.24799999999999978,0.778,91.75,0.013046351906663922,21.45,23.07697917414405,0.0,8.625,-2.84,36.944,28.947411905624126,0.0025362894577778405
2024-12-23,3.39,0.5300000000000002,0.609127935745245,-0.2360000000000002,0.7810000000000001,95.85,-0.015747769481937457,20.07,23.74421502307152,0.0031095601699893116,8.74,-2.8475,36.755,30.912441704943245,-0.012614873361265655
2024-12-24,3.4,0.5369999999999999,0.6107045111999747,-0.2599999999999998,0.7759999999999998,96.95,0.0006101531115761949,20.02,23.198672507849448,0.004408776220163224,8.69,-2.8675,36.897,30.6483598513547,0.0027003371361834505
2025-02-28,2.89,0.14400000000000013,0.30075693980705615,-0.14000000000000012,0.33000000000000007,104.46,0.03393534852674729,22.86,18.380370133220406,0.009331259720062102,8.79,-2.6525,28.813,17.531811203015703,-0.007951452380169366
2025-04-01,2.84,0.19499999999999984,0.06255103179762576,-0.20100000000000007,0.2549999999999999,104.73,-0.016230573289482075,24.21,21.011139102622234,-0.0005091995383257331,8.605,-2.663,37.804,15.930285401970275,0.0046275396471666674
2025-04-02,2.82,0.17999999999999972,0.0877076483492035,-0.18300000000000027,0.238,106.39,0.006159301020468799,24.5,20.594195669988654,-0.006419182827836822,8.5375,-2.65,37.518,15.911007102363477,-0.002805889939260786
2025-04-03,2.81,0.18999999999999995,0.09320605356441584,-0.20100000000000007,0.2650000000000001,112.0,0.007646077594119505,26.09,20.81248908887998,-0.007862172694332425,8.745,-2.61,40.086,15.639733022005883,0.00617702949745591
2025-04-04,2.78,0.1639999999999997,0.1372358707136244,-0.2270000000000003,0.31499999999999995,125.71,0.008557526038524887,26.8,20.9941745679263,0.007545479603087157,9.66,-2.529,43.904,14.215998995590255,-0.0027986595573008533
2025-04-07,2.76,0.14499999999999957,0.14927191719529234,-0.242,0.355,137.3,0.055657859512780905,44.23,25.17698746755523,0.006736654925965091,10.475,-2.458,47.265,22.371716870986717,-0.003658996099959455
2025-04-08,2.74,0.11699999999999999,0.15874507866387588,-0.26400000000000023,0.3280000000000003,139.88,-0.0025899836783782604,37.83,23.810939230006696,0.005876358695652284,10.1925,-2.4575,41.725,22.106080136049925,0.0104521989324593
2025-04-09,2.74,0.11699999999999999,0.15874507866387588,-0.29499999999999993,0.31000000000000005,128.83,0.017363327521281224,40.97,23.225895324298303,-0.005808259885860978,10.2575,-2.428,42.396,22.027159621700235,0.0006237050831202628
2025-04-10,2.72,0.09699999999999998,0.16609445632245765,-0.27200000000000024,0.28000000000000025,128.35,-0.06598944936129403,28.2,28.09400428446536,-0.010155905030399759,9.62,-2.452,36.129,32.22900968536223,0.004816152629391501
2025-04-11,2.72,0.09699999999999998,0.16609445632245762,-0.28900000000000015,0.3190000000000004,137.26,0.00504691091425169,31.47,28.386220487494853,-0.024363461670441344,10.6375,-2.428,36.165,32.233402609716,-0.0008098117661315962
2025-04-14,2.72,0.13400000000000034,0.16609445632245762,-0.2749999999999999,0.3080000000000003,132.46,-0.009524318458351111,28.32,27.182998789031465,0.0019344400675296303,10.6825,-2.43,35.323,31.982264194934977,0.001215620079779045
2025-04-15,2.72,0.137,0.16609445632245762,-0.2650000000000001,0.3230000000000004,122.56,-0.008762607445773174,24.48,27.90801529031979,0.002738091059079739,10.115,-2.4215,35.403,32.496010929043194,-0.006207518934077116
2025-04-16,2.72,0.14000000000000012,0.16609445632245762,-0.28800000000000026,0.38800000000000034,119.4,0.012101347778526783,26.62,28.417854170180014,-0.008646945562751585,10.07,-2.398,36.089,32.290590193734864,-0.013873893022196881
2025-04-17,2.71,0.14400000000000013,0.16509327507104704,-0.262,0.3250000000000002,114.64,-0.009389441168899726,24.59,28.84355264750483,0.00045907196835925923,9.68,-2.431,35.71,32.34525496278086,0.006549649129055313
2025-04-21,2.71,0.1469999999999998,0.16509327507104704,-0.27500000000000036,0.3900000000000001,128.56,-0.0020133525541390362,25.08,28.870524398713776,-0.0024230931310578185,10.045,-2.39,35.408,32.870038216707314,-0.0072848589963538934
2025-04-22,2.71,0.1589999999999998,0.15536713735028118,-0.29499999999999993,0.3849999999999998,118.35,0.0007153133313508864,24.85,28.253201662731403,0.0037314746365333384,10.27,-2.39,35.66,32.91363705941692,-0.005353651224647704
2025-04-23,2.74,0.1900000000000004,0.20260669703692138,-0.2589999999999999,0.40700000000000003,116.6,-0.015651642376862007,22.74,28.648877916224137,0.001017079928453457,10.4,-2.4025,34.2,33.33897372648341,0.0014604549553176582
2025-04-24,2.73,0.19200000000000017,0.20211513133803172,-0.278,0.3879999999999999,108.28,0.0012789242781798826,22.79,27.118811770870014,0.004169294373204346,9.9925,-2.4025,33.554,33.15675431792283,-0.0045096031403095704
2025-04-25,2.72,0.17500000000000027,0.20211513133803166,-0.2729999999999997,0.41500000000000004,105.79,-0.009503118148695977,21.43,26.460149035980578,0.004989358361536578,9.645,-2.3775,33.008,33.20615545046475,-0.004528080881039287
2025-04-28,2.71,0.16999999999999993,0.2012931875857238,-0.2749999999999999,0.395,110.01,-0.0010053803558103258,21.23,22.734321334242747,-0.0026038050270795754,9.95,-2.371,32.414,32.610295327419095,0.0027994537272247877
2025-04-29,2.71,0.17899999999999983,0.2012931875857238,-0.29499999999999993,0.395,112.27,-0.006497022198159064,20.7,21.538213890725665,-0.001531553482543857,9.925,-2.368,31.612,32.786129517719054,-0.00903824202528436
2025-04-30,2.71,0.17899999999999983,0.1959511217249431,-0.29800000000000004,0.43800000000000017,112.48,0.0034341355411589003,20.74,21.293146355039788,-0.006937423740630999,10.185,-2.353,32.542,33.10607575492501,-0.02078634677839397
2025-07-07,2.51,0.12199999999999989,0.14658211278827182,-0.35799999999999965,0.02799999999999958,88.53,-0.0016992548161922638,24.87,16.240139735922938,0.010783450704225483,10.775,-2.4275,25.624,25.311434473905138,-0.011969500559160906
2025-07-08,2.5,0.1120000000000001,0.14658211278827182,-0.375,0.02300000000000013,88.05,-0.018133859786172213,23.52,16.9018816821582,-0.004535887945424144,10.9325,-2.4265,25.351,30.183321765987376,-0.031804020884110606
2025-07-09,2.51,0.12199999999999989,0.14658211278827182,-0.3719999999999999,0.0349999999999997,84.31,-0.006032199553764883,21.85,15.815697419848538,0.002405861553603339,10.685,-2.4275,25.126,30.532195364396003,-0.013679769045617407
2025-07-10,2.52,0.13100000000000023,0.15103851025135093,-0.3809999999999998,0.09299999999999997,81.58,-0.01579263116914631,21.01,16.82626580797576,-0.0014182333903051125,10.13,-2.41,25.081,30.49396120236451,0.0055469615212351275
2025-07-11,2.52,0.129,0.15103851025135093,-0.383,0.07299999999999995,85.48,0.0023435315701347825,21.66,16.61108529938668,0.00302257829570296,9.97,-2.413,25.323,30.63332007047344,0.0056129877328292554
2025-07-14,2.51,0.11899999999999977,0.15343436793351745,-0.4119999999999999,0.0349999999999997,90.73,-0.008268860780220377,22.56,16.304621171550764,0.004247903278509879,10.085,-2.427,25.004,30.2942731872728,-0.016342830832318356
2025-07-15,2.51,0.11999999999999966,0.15343436793351745,-0.41999999999999993,0.04999999999999982,88.95,-0.004137999956277838,22.47,16.731913047713615,0.0032537960954446277,9.895,-2.415,24.755,30.4085221962055,0.010987220633482564
2025-07-16,2.51,0.12399999999999967,0.15343436793351745,-0.4169999999999998,0.054999999999999716,89.52,0.00898833072080818,22.27,16.9340282853398,0.001621621621621605,9.735,-2.405,24.704,32.27638449574261,0.017834304086174257
2025-07-17,2.51,0.12399999999999967,0.15343436793351745,-0.4249999999999998,0.02799999999999958,85.57,-0.001854769362097386,21.74,16.936875400358172,0.0016909516100016564,9.685,-2.41,24.179,32.497219696661304,0.007344339179444437
2025-07-18,2.52,0.13900000000000023,0.1595783918890491,-0.3999999999999999,0.04800000000000004,83.29,0.0013219350372302152,20.5,15.577650767077614,-0.0010415918396665669,9.41,-2.3925,24.094,32.69119163223817,0.008857568317704678
2025-07-21,2.51,0.129,0.1553671373502819,-0.3969999999999998,0.054999999999999716,86.62,-0.007132842127054895,20.4,16.419759481467352,-0.005716751159529743,9.445,-2.38,24.024,32.5408913500473,0.010333977733532507
2025-07-22,2.52,0.13900000000000023,0.16184788179678364,-0.3740000000000001,0.05900000000000016,89.89,0.012728875268234408,21.22,15.547736828446554,-0.0013018008244738422,9.5,-2.378,24.076,29.48573832838153,-0.007047139650581791
2025-07-23,2.51,0.1299999999999999,0.16368133353369546,-0.375,0.05799999999999983,85.95,-0.004362858603002007,21.09,15.760670863672065,-0.0034397856470418375,9.525,-2.36,23.458,29.537738408615837,0.008893300247990732
2025-07-24,2.51,0.1299999999999999,0.16368133353369546,-0.3819999999999997,0.03999999999999959,82.75,-0.0020981415114784685,21.45,15.005263340296356,-0.0030156596301276206,9.56,-2.3638,22.813,28.975391092633913,0.004520479875445793
2025-07-25,2.51,0.1299999999999999,0.16368133353369546,-0.3729999999999998,0.02799999999999958,82.09,-0.0017552382892696006,21.68,14.225823808628874,0.007871720116618075,9.55,-2.3688,23.673,28.9481738375645,-0.009811920398608454
2025-07-28,2.51,0.14499999999999957,0.16184788179678392,-0.3650000000000002,0.04999999999999982,83.73,-0.004214577368939709,22.33,14.089466923598504,0.0047006074631184,9.55,-2.3675,22.887,32.062961686825,0.04151617621672177
2025-07-29,2.51,0.14499999999999957,0.14815710011940011,-0.359,0.052999999999999936,85.07,-0.006558613125950297,22.34,14.46091135013457,0.00035989347153253526,9.415,-2.3865,22.128,31.66148138347433,-0.0017680457832724983
2025-07-30,2.51,0.14899999999999958,0.10300740903347566,-0.3400000000000003,0.052999999999999936,81.88,-0.0073980752622602175,22.82,15.216210365407672,0.0004676931932652284,9.035,-2.395,22.257,31.222396529594327,0.0033215810472850826
2025-07-31,2.51,0.15399999999999991,0.10300740903347566,-0.33199999999999985,0.0519999999999996,79.84,0.002774645333955994,21.85,14.230075375602087,0.002121615304397917,8.8,-2.398,21.75,31.196932450757703,0.00027031257397891473
2025-08-01,2.51,0.15399999999999991,0.10300740903347566,-0.3599999999999999,0.0349999999999997,83.83,0.03883294715046348,25.87,16.14397637603185,-0.0029424429453137613,9.14,-2.41,23.837,34.27334893668495,0.01061908303279191
2025-08-04,2.5,0.14500000000000002,0.10895194498396855,-0.355,0.08000000000000007,87.95,-0.009085051339836836,24.05,17.455529574364423,-0.0030590945080256615,9.39,-2.37,22.649,34.061410556323395,-0.00027090008481955863
2025-08-05,2.5,0.14500000000000002,0.10300740903347566,-0.3380000000000001,0.07299999999999995,89.2,-0.015963783654991737,22.31,19.158851257846653,0.0010107938341576972,9.055,-2.37,22.314,29.843723360331797,-0.007739850694211459
2025-08-06,2.5,0.14500000000000002,0.09600986791388923,-0.355,0.07500000000000018,83.89,-4.377736085059425e-05,21.93,18.69644243210508,-0.00025244329041806957,8.685,-2.3725,22.001,29.048847952487144,-0.009574831827893648
2025-08-07,2.5,0.1299999999999999,0.08770764834920415,-0.3620000000000001,0.10000000000000009,80.15,-0.009236618784668638,21.08,18.78494732949387,0.00028857946757088193,9.02,-2.3575,21.967,28.84915398066515,0.0027745832434731277
2025-08-08,2.5,0.1299999999999999,0.08770764834920415,-0.36499999999999977,0.09299999999999997,79.2,0.0054745203985524515,20.79,19.334786958655844,0.0010818608005769281,8.67,-2.3675,21.681,28.823648591191837,0.0011110393740282332
2025-08-11,2.5,0.129,0.08102631151604374,-0.3650000000000002,0.08000000000000007,81.76,0.0010093426500229485,20.34,18.569167808054424,0.002053314121037486,8.835,-2.3725,21.617,26.892799074419173,0.0053027590684392445
2025-08-12,2.5,0.14000000000000012,0.08102631151604374,-0.36999999999999966,0.06999999999999984,77.42,0.005257626833230944,21.15,18.780506193434263,-0.0049609950749540666,8.635,-2.375,21.394,26.937801491654845,-0.00554636308026768
2025-08-13,2.51,0.1499999999999999,0.0892070330010043,-0.3879999999999999,0.09799999999999986,77.31,-0.010802812618537772,20.11,19.622512291567894,-0.0031431771379024642,8.505,-2.368,21.199,25.8682281510834,0.0035257210244141746
2025-08-14,2.5,0.14400000000000013,0.09600986791388799,-0.3900000000000001,0.1080000000000001,76.77,-0.00040007815480236353,20.46,19.44950747817754,0.0077921136561323046,8.4,-2.3575,21.05,25.88507467309683,-0.0010327594669889972
2025-09-15,2.54,0.19600000000000017,0.1568539380912601,-0.379,0.0990000000000002,76.88,-0.003466311691218582,20.71,23.370582910401033,-0.005202540274837686,7.38,-2.39,17.698,18.457862447359712,-0.014289300674845906
2025-09-16,2.56,0.20699999999999985,0.16768391317249867,-0.38500000000000023,0.14800000000000013,77.09,-0.012417420193642448,21.03,23.4802938803532,-0.004869075957584901,7.635,-2.3875,17.763,18.448593859050185,0.0153136235592779
2025-09-17,2.57,0.21699999999999964,0.1698451306957387,-0.36499999999999977,0.1599999999999997,75.95,0.010499707214127851,21.1,24.07174412342492,-0.0008336051611032014,7.935,-2.397,18.01,19.107989914363372,0.0030046910073111555
2025-09-18,2.56,0.20999999999999996,0.17541529669840464,-0.351,0.16000000000000014,71.91,-0.014032929044354603,20.69,25.193388224052594,0.00700087057457921,7.365,-2.385,18.347,19.07526850555776,0.010348968228301558
2025-09-19,2.57,0.21599999999999975,0.17541529669840464,-0.375,0.133,72.51,0.004639875191402187,20.68,24.04446738932135,0.006591981556860471,7.1375,-2.4025,19.616,19.206877451226,-0.00244317302528696
2025-09-22,2.56,0.2120000000000002,0.18044681385820793,-0.3730000000000002,0.1030000000000002,75.8,-0.006794882214301579,20.94,22.27689858147965,-0.00425851703406821,7.075,-2.4225,21.172,18.935519126657148,0.007310432320198346
2025-09-23,2.58,0.23099999999999987,0.19184697849560867,-0.3500000000000001,0.1200000000000001,75.66,-0.005056722355959886,20.98,21.522228674442065,0.002407906558849815,7.06,-2.435,22.048,18.150607474648297,0.011999327366345791
2025-09-24,2.58,0.238,0.19184697849560867,-0.3620000000000001,0.0950000000000002,75.13,0.004030187683402242,21.2,21.788580112803736,0.006955399397676754,7.23,-2.459,22.617,19.30444262208143,0.009853826748111194
2025-09-25,2.59,0.246,0.19339623900985678,-0.355,0.06000000000000005,75.44,0.00029664702460141523,20.62,21.378884820537305,0.0035248878444777976,7.375,-2.493,24.499,17.740498079892333,0.007348134024313779
2025-09-26,2.58,0.23099999999999987,0.19864011361465184,-0.375,0.020000000000000018,74.38,0.024505129483076038,21.77,23.790620982799766,0.0008869966294127174,7.3775,-2.505,24.498,18.724454774824377,-0.008681754499214933
2025-09-29,2.57,0.23499999999999988,0.2034233335475031,-0.371,0.004999999999999893,75.51,-0.013337074171970276,20.96,22.792856098233138,-0.007160581354129669,7.6575,-2.4825,24.567,19.192993333931906,-0.0025803650444020665
2025-09-30,2.57,0.21999999999999975,0.2034233335475031,-0.35699999999999976,-0.013000000000000345,77.93,0.0019264341150789788,20.62,21.469343168170447,0.00242787774921438,7.3225,-2.4875,24.55,19.213186681824197,0.000297509870228696
2025-10-01,2.56,0.20999999999999996,0.20777771523281344,-0.367,-0.040000000000000036,73.5,-0.009119313204461799,20.55,21.826528512900147,-0.0004986465308448595,7.365,-2.49,24.469,19.192542493444844,0.011305074122481384
2025-10-02,2.55,0.19799999999999995,0.18191090936875665,-0.3820000000000001,-0.027000000000000135,71.21,-0.027021005084162164,22.34,24.2863497577473,0.0023162996222649834,7.18,-2.4625,23.746,20.16705066167079,0.0072916531695934594
2025-11-07,2.6,0.14300000000000024,0.1137171005054584,-0.3250000000000002,-0.29499999999999993,74.41,0.018053123719405373,41.88,31.351811764066177,0.00803559111601615,7.835,-2.685,23.245,27.007354536801397,0.00021446899452470802
2025-11-10,2.6,0.14300000000000024,0.10428705324096749,-0.3679999999999999,-0.262,78.86,-0.030219335518594903,39.75,34.91808971059068,-0.0034212597078244755,7.915,-2.665,22.501,29.607222472419704,-0.010012390681415795
2025-11-12,2.61,0.1459999999999999,0.10648943609579374,-0.34999999999999964,-0.30000000000000027,81.12,-0.01071500758573829,36.1,34.69966402989461,0.006018122756026534,8.245,-2.69,21.881,30.046595889469707,-0.021977991541078712
2025-11-13,2.7,0.25100000000000033,0.3241052460641707,-0.33499999999999996,-0.22699999999999987,79.1,-0.004876650146130812,33.34,32.76269140698045,-0.0034329220624723655,8.23,-2.725,22.254,30.25446640412815,0.008432890975754614
2025-11-14,2.72,0.27300000000000013,0.32533060108142425,-0.375,-0.23499999999999988,79.71,0.03813812301738584,36.66,37.51356723859363,-0.009993178717598972,8.48,-2.77,22.578,33.37585538511547,-0.0023364858006542644
2025-11-17,2.74,0.29300000000000015,0.32573802841838334,-0.395,-0.16699999999999982,82.58,-0.01936398965990871,34.36,38.18760339447452,0.0064078271953700305,8.7225,-2.775,22.439,31.728619664239122,0.020593492552476
2025-11-18,2.74,0.28500000000000014,0.32573802841838334,-0.3949999999999996,-0.125,83.18,0.03316745124411569,39.26,43.14789349809555,0.001095402731660533,8.8075,-2.7275,23.251,34.08949714365197,-0.0007722820117516127
2025-11-19,2.75,0.30299999999999994,0.3235933120120813,-0.4119999999999999,-0.1200000000000001,84.32,0.006098208730226928,39.51,42.739171536667335,0.004137459394768284,8.82,-2.715,23.42,33.860031057099796,-0.006098208730226928
2025-11-20,2.76,0.3129999999999997,0.32122790728866235,-0.41999999999999993,-0.15200000000000014,77.81,-0.019172873971563753,36.28,44.24138029775745,0.002622079956412282,8.175,-2.7225,23.151,33.56829849530069,0.010280651987419676
2025-11-21,2.76,0.3259999999999996,0.32122790728866235,-0.4019999999999997,-0.11300000000000043,78.81,0.03785160492902351,41.38,47.24342703869149,-0.0004075671636722955,8.02,-2.705,23.933,34.51804100439214,-0.014715255773241287
2025-11-24,2.76,0.32099999999999973,0.32122790728866235,-0.38500000000000023,-0.14500000000000002,76.82,0.0018685476713224958,38.72,45.00976828360095,0.003295844517685609,8.03,-2.715,23.2,32.67533837482693,-0.0042872559723838854
2025-11-25,2.76,0.32499999999999973,0.3235933120120813,-0.3610000000000002,-0.14400000000000013,72.82,-0.003047274353494389,37.16,44.57310444324698,-0.005486318070983542,8.14,-2.71,23.047,32.5240928632756,0.00643613989686509
2025-11-26,2.76,0.32499999999999973,0.3235933120120813,-0.355,-0.13500000000000023,71.9,-0.026722622855631872,33.06,47.208380977499935,0.0004086358373629473,8.185,-2.7,22.75,33.50965952035954,0.004796914554602294
2025-11-28,2.8,0.34099999999999975,0.33328508422733494,-0.355,-0.1900000000000004,68.95,0.015129511325813638,30.24,50.86839516796199,0.003179161111680706,8.11,-2.805,23.005,33.40519657725078,-0.012135182002585121
2025-12-01,2.8,0.33799999999999963,0.33615785765493955,-0.347,-0.24300000000000033,71.35,0.001584071675423293,31.55,48.18977249579613,-3.407619437056919e-05,7.725,-2.837,23.154,32.90142618126663,-0.0022086563930313607
2025-12-02,2.8,0.33999999999999986,0.33881061314390387,-0.3250000000000002,-0.2200000000000002,69.91,-0.019018613039075483,29.73,48.37058805171497,0.0011927074459021636,7.625,-2.815,23.051,33.68876392314027,-0.0021110468411322802
2025-12-03,2.81,0.3530000000000002,0.33615785765493955,-0.3280000000000003,-0.22699999999999987,66.46,-0.010355625755645415,29.36,47.75526367737133,-0.0015316541865214583,7.56,-2.8043,22.437,32.92737742789278,-0.0021430736512841886
2025-12-04,2.81,0.34799999999999986,0.33881061314390387,-0.3500000000000001,-0.21499999999999986,65.69,0.0019299853826524327,28.4,47.379736249111765,0.004602011249360771,7.44,-2.7775,22.064,30.729955647233915,0.003054022119049593
2025-12-05,2.83,0.3730000000000002,0.33881061314390387,-0.36199999999999966,-0.16000000000000014,67.28,-0.017758426812891193,26.95,46.84132483729025,-0.000984051577875844,7.445,-2.7675,22.085,29.933638455824752,0.01083881565372713
2025-12-08,2.83,0.3730000000000002,0.33881061314390387,-0.371,-0.20199999999999996,72.3,-0.013365690662308971,27.33,44.08030963921137,-0.0018002105906728127,7.615,-2.8,21.872,26.438575056920417,0.019519773511649463
2025-12-09,2.83,0.371,0.33881061314390387,-0.3689999999999998,-0.254,75.38,0.002719713106369759,27.87,43.34193738905452,0.00020416496529196415,7.665,-2.84,22.229,26.48602033411566,-0.007118748156745958
2025-12-10,2.83,0.375,0.34124848177800027,-0.28500000000000014,-0.2549999999999999,68.62,0.002063448009557045,27.64,42.065235642833336,0.0008845342586922822,7.49,-2.8625,22.308,23.853302383310986,0.010652008334043006
2025-12-11,2.83,0.3900000000000001,0.1729405130460518,-0.266,-0.27,69.24,0.005896009673518776,27.4,42.03650079453108,0.0008157715839565149,7.5275,-2.8625,22.372,23.99258670847186,-0.011242838002602396
2025-12-12,2.83,0.3900000000000001,0.1666922787338205,-0.32600000000000007,-0.2549999999999999,69.25,-0.013754616091976368,25.05,38.88120057560686,0.003803831001222502,7.525,-2.825,22.243,20.667173748677296,0.0031954732459249513
2025-12-15,2.83,0.3999999999999999,0.15853606596142825,-0.3420000000000001,-0.16199999999999992,73.31,0.018374624444465693,26.92,38.716284206006584,-0.006597645148193276,7.8625,-2.77,21.921,21.467484661322224,-0.002611771508938321
2025-12-16,2.84,0.4129999999999998,0.15874507866387538,-0.31300000000000017,-0.16199999999999992,67.14,0.022358632862252148,28.37,36.51755974287727,0.003508054902762181,7.4675,-2.7865,21.928,18.32462917824882,-0.011209069997972443
2025-12-17,2.84,0.4129999999999998,0.15853606596142825,-0.32699999999999996,-0.15500000000000025,62.74,-0.014323115277572906,26.78,37.60015608508162,0.0009503122454519453,7.3625,-2.7925,21.932,18.32286605111546,0.012625903178687281
2025-12-18,2.84,0.41100000000000003,0.15790736791583004,-0.3450000000000002,-0.125,60.01,0.015259798688988413,27.86,36.25157185009416,-0.00013563000135619063,7.225,-2.77,22.069,18.404657654924396,-0.006275875183682111
2025-12-19,2.85,0.42300000000000004,0.15853606596142847,-0.33999999999999986,-0.16500000000000004,59.41,-0.00651894725510771,27.27,31.061069453154715,0.0024755832881171447,7.13,-2.7808,22.0,16.676678102947545,-0.005767009379573862
2025-12-22,2.85,0.43000000000000016,0.15853606596142847,-0.3700000000000001,-0.14500000000000002,61.7,-0.02123590056086866,27.19,34.17475619222328,0.00179290281113631,7.185,-2.7725,22.046,17.485795539542533,0.004529737872171591
2025-12-23,2.85,0.43100000000000005,0.15853606596142847,-0.4169999999999998,-0.10999999999999988,61.17,-0.0027740365763662123,26.11,33.98869725533749,0.00030391031269005886,6.9625,-2.7733,21.936,17.373016278726315,0.002812668988960376
2025-12-24,2.86,0.44799999999999995,0.15874507866387555,-0.4039999999999999,-0.08300000000000018,59.48,0.002113024977412392,25.99,29.75501295643026,-0.023123923977990124,8.07,-2.7825,21.891,15.840877811767603,-0.00520373738662272
2026-01-30,2.73,0.28100000000000014,0.18282001502772205,-0.4690000000000003,-0.4119999999999999,59.2,-0.0005956428058413454,39.58,20.950374775547495,0.0046010666108962095,8.995,-2.87,21.503,20.58494650887038,-0.0036733124643779647
2026-02-02,2.74,0.28100000000000014,0.1849836408129669,-0.4500000000000002,-0.4149999999999996,59.3,0.052578689064306405,47.37,22.203053702392204,0.007494535234724653,9.2,-2.87,21.301,26.55911670669573,-0.01094284536157586
