,CISS,Correlation_Effect,Money_Market_Contribution,Bond_Market_Contribution,Equity_Market_Contribution,FX_Market_Contribution,Financial_Intermediaries_Contribution
2024-01-30,0.1624641412053702,0.293548915573566,0.05138793085270586,0.04676537896378879,0.0169381098411414,0.018591431319659187,0.028781290228074925
2024-01-31,0.24186284651395124,0.4799741707735802,0.08347137015866976,0.07823027289160193,0.022398794636100415,0.01809557793261314,0.039666830894966
2024-02-01,0.2894327044956015,0.542218890850933,0.09597897608165942,0.09435855181015089,0.009036981514182219,0.03876553449531958,0.05129266059428942
2024-02-02,0.3124839960741593,0.5883165474670387,0.10447690411914654,0.10170437786096855,0.021030626007155065,0.02901009182337467,0.05626199626351451
2024-02-05,0.38186441974098034,0.6243601675900261,0.10334237256662504,0.10341413810312963,0.05762772581319438,0.019663757002260595,0.09781642625577078
2024-02-06,0.4493384022098525,0.673427062743448,0.11146378969546729,0.109451249048188,0.0609180572849533,0.06153730056103923,0.10596800562020466
2024-02-07,0.38673062340519626,0.718461760329961,0.11470613621819725,0.11388031810287545,0.04079541489689664,0.030472688455374212,0.08687606573185278
2024-02-08,0.38085570361450893,0.7361574364466179,0.10010048819728151,0.11566979489914102,0.054407957659215564,0.03029245543079187,0.08038500742807898
2024-02-09,0.42954924459113664,0.7502666990449485,0.10012179742427417,0.11538584406001624,0.06433321350431398,0.04553342725238309,0.10417496235014918
2024-02-12,0.4420552542433873,0.7710266062384661,0.09987896381962659,0.12247801951971958,0.06593606839556539,0.04679333886136899,0.10696886364710674
2024-02-13,0.4377916123281354,0.7884055117480391,0.09506176802571185,0.12197630101297251,0.0486636505527238,0.05237912480349041,0.11971076793323678
2024-02-14,0.4664517700497989,0.8002623544534114,0.08545330198703671,0.124178641208288,0.0852693336296911,0.0481997096245503,0.12335078360023274
2024-02-15,0.48693231933514175,0.8101570430705168,0.0882791812449253,0.12897327639685816,0.07459032086200966,0.06984112440263078,0.12524841642871784
2024-02-16,0.3664563281759177,0.8197917344125697,0.08914057250049323,0.12720906223643325,0.030907090676703785,0.03137823535165353,0.08782136741063391
2024-02-19,0.38425712879493495,0.8211832523989029,0.09420010182690865,0.13016226494920544,0.03803871847319057,0.031620274661337065,0.09023576888429324
2024-02-20,0.4724274968268111,0.8243319740058677,0.09437179840343037,0.1282925853797638,0.07352662204925901,0.03884782866004664,0.1373886623343113
2024-02-21,0.4602871688925377,0.830636459109122,0.09499807779466396,0.13490681801392984,0.0639685548969094,0.050506515732037426,0.11590720245499705
2024-02-22,0.43451322231000555,0.8361568312534943,0.09937771994438081,0.13839837206954392,0.05122661966185201,0.02585358478243563,0.11965692585179317
2024-02-23,0.3951427377957825,0.8413465048515191,0.09786697274824568,0.12755586665507518,0.05367210461983829,0.021758961332366874,0.09428883244025647
2024-02-26,0.48623591668211724,0.8430156387274649,0.10222775848936501,0.14360335363150614,0.07286755865782227,0.026453249353172177,0.14108399655025164
2024-02-27,0.4701066631161624,0.8474778220287218,0.10686013457074804,0.14173335989101038,0.07948757503165943,0.04490658344313113,0.09711901017961332
2024-02-28,0.43628204233199136,0.8516162818685941,0.10757773491650403,0.1371395874595288,0.05217373313057019,0.031421704193082614,0.10796928263230568
2024-02-29,0.46148680808791037,0.8551512737731243,0.10369937860122372,0.13259759405976376,0.07755337413873509,0.04639441393343847,0.10124204735474922
2024-03-01,0.4461031596795837,0.8582701214534226,0.10407758369348978,0.12972703559899437,0.061164077620818644,0.035711929191510235,0.11542253357477064
2024-03-04,0.41190405373986194,0.8610200066162419,0.10648937093322719,0.14172191373269638,0.04166545089487792,0.03453976808150212,0.08748755009755838
2024-03-05,0.4588261877211991,0.8612271484734482,0.11463230321060382,0.14541869897787305,0.07810439312017824,0.018313450858343443,0.10235734155420065
2024-03-06,0.473234525525282,0.863675345514989,0.1173407193561744,0.1435487988062844,0.05241615890022003,0.0485445107996356,0.11138433766296757
2024-03-07,0.42948847789889905,0.8661450527863747,0.11936872624032911,0.13937966366677296,0.03524314352716973,0.04330725263931874,0.09218969182530841
2024-03-08,0.42254807884966555,0.8668163843414501,0.1246422180242706,0.14307452044992214,0.026403027798906246,0.013052062798704597,0.11537624977786198
2024-03-11,0.46238537720275313,0.8671594700719879,0.12877816498080558,0.14751678341454508,0.06548549101578117,0.013854616820690386,0.10675032097093094
2024-03-12,0.43596944005110116,0.8693408499758376,0.13279930915148142,0.14319142965693973,0.03687204294725105,0.01279030216056405,0.11031635613486494
2024-03-13,0.40327411627071197,0.8708078460052603,0.13512535541460938,0.13492516970288404,0.03843565665126667,0.02262098542496424,0.07216694907698767
2024-03-14,0.4142034900364533,0.8719018541778715,0.1322885571856081,0.1343931478681064,0.03327257650425901,0.04319421829317961,0.07105499018530012
2024-03-15,0.495026835063793,0.8725148835200562,0.13027549812558087,0.12335555249766315,0.08053212085823049,0.04904135379785144,0.11182230978446699
2024-03-18,0.4874818258984258,0.8758967132003933,0.1248404510768377,0.1280621401368851,0.04107653551560466,0.06956834814039906,0.12393435102869937
2024-03-19,0.49208448285249917,0.8794443304882379,0.12059506738764002,0.12261677849221067,0.0732870275406865,0.06125784646849106,0.11432776296347093
2024-03-20,0.45340619619639466,0.88484385529579,0.12184401593613295,0.11553823213977216,0.03864835230027589,0.06661755462284397,0.11075804119736961
2024-03-21,0.42659842312661933,0.8898121029013636,0.12917617080050833,0.11178903775530927,0.0431610008533765,0.050934072097112544,0.09153814162031272
2024-03-22,0.4792217448807397,0.8937254406135979,0.13210700191138933,0.12275883925669537,0.08135983321447926,0.029996302144732256,0.11299976835344343
2024-03-25,0.5398063056904039,0.8991604172901614,0.12722603145795275,0.12381542297857627,0.0841283424912864,0.08650543324963968,0.11813107551294881
2024-03-26,0.48920250130229903,0.9065094273333334,0.11742943960973182,0.11524131340582379,0.059079407505517254,0.07773057848168585,0.11972176229954025
2024-03-27,0.49546635498573943,0.9109377194370102,0.11873601998178965,0.11528073897702855,0.07266560658497531,0.04826922858166228,0.14051476086028367
2024-03-28,0.49215934440933057,0.9147161496178539,0.11880795966300865,0.11628460476751111,0.07759316303654899,0.08747630304391432,0.09199731389834738
2024-03-29,0.5035507630666016,0.9174642175244887,0.1148412106763412,0.1115720853035528,0.06590978574170178,0.06696434231356901,0.14426333903143687
2024-04-01,0.48772997056085815,0.9214442440563442,0.1188345335438182,0.12360062446135103,0.05592213343238504,0.06831396981797035,0.12105870930533351
2024-04-02,0.45935962181307355,0.9253134312974624,0.11561099997934961,0.1238005556356605,0.046372029430539495,0.05743324745984251,0.1161427893076815
2024-04-03,0.5217088474933674,0.928003879205131,0.12757386661256748,0.1216005083096379,0.08629369405482197,0.08650702827992661,0.09973375023641352
2024-04-04,0.44637626836270206,0.9315120016204143,0.1271995698764428,0.11809859055026634,0.04893114767132522,0.05075134353656051,0.1013956167281072
2024-04-05,0.4769973311975777,0.9327661904740224,0.12469046891049292,0.11664938106157892,0.08866639534735825,0.052427892774919195,0.09456319310322849
2024-04-08,0.4746536222544293,0.9351192286262531,0.11414903687368745,0.12285531934710431,0.05954667271941889,0.08158109132498002,0.09652150198923855
2024-04-09,0.49646868035333186,0.937750221249237,0.11091321582361667,0.12093744232662576,0.07221754577436655,0.06575030286919939,0.1266501735595234
2024-04-10,0.46455486398822954,0.9405695407720727,0.11103045038769181,0.13438252174479157,0.0628127474929396,0.05783962118540908,0.09848952317739751
2024-04-11,0.46345414167972687,0.9425084227708328,0.1060592811370857,0.1296761588570905,0.05460048793982756,0.05720051117505744,0.11591770257066566
2024-04-12,0.5327662901571004,0.9432370216456598,0.11503154942138451,0.13292052741811256,0.07470003539239767,0.08565025828736453,0.12446391963784112
2024-04-15,0.4706087556520977,0.9438211558721185,0.1101124681850805,0.13614891386431136,0.05901594353958994,0.08364208174452914,0.08168934831858682
2024-04-16,0.5019950118047751,0.943477339101651,0.10432473565698717,0.1280743376412701,0.08328627545173196,0.08773254796933745,0.09857711508544838
2024-04-17,0.4919972418066889,0.9436455034652101,0.10531951538674933,0.12386703045485865,0.07831173028757263,0.08970055532939412,0.09479841034811425
2024-04-18,0.4135921945954287,0.9444231215171204,0.11137679570995009,0.12755139859570308,0.03799403362425198,0.045701394730885955,0.09096857193463759
2024-04-19,0.4383734069249692,0.9423890882745815,0.10647913491654182,0.12976806066125848,0.08189036215351536,0.051235636638376686,0.06900021255527684
2024-04-22,0.4405973300460182,0.9404310037783017,0.10236645523885654,0.11695935012507157,0.046913454671239425,0.09015166174150618,0.0842064082693445
2024-04-23,0.4424049095935155,0.9385327270089208,0.10496463717007816,0.118557180112966,0.07788742860924608,0.0444454578767443,0.09655020582448094
2024-04-24,0.4805405728469285,0.9388508833973227,0.10942468916837762,0.12129521757914838,0.06118717826279104,0.04899290816809018,0.13964057966852134
2024-04-25,0.47172985048160776,0.9361427233553801,0.10749500926804882,0.11179911374324597,0.12707868463019587,0.042287826468812004,0.083069216371305
2024-04-26,0.48503628196819265,0.9304995927504465,0.11187385908241002,0.10770265401145974,0.09026915589441115,0.08834398432320333,0.08684662865670835
2024-04-29,0.523512453623591,0.9264764740694144,0.11554333038681779,0.10862137971848307,0.09275413895568506,0.05654701238285738,0.1500465921797477
2024-04-30,0.5456034728474362,0.9236719622052332,0.11678611016388007,0.11795397126551888,0.10892959002558268,0.07601714079758011,0.12591666059487433
2024-05-01,0.514831500429788,0.9244652329698979,0.10955444312551321,0.11082956758478205,0.11252973353047381,0.06418126444986419,0.11773649173915482
2024-05-02,0.5430243885016334,0.9256097531277839,0.10926450763933727,0.11277544118568403,0.11511606354991522,0.05808999140319198,0.14777838472350482
2024-05-03,0.497135929720656,0.9271345313118341,0.10592778438206474,0.10944450156979929,0.11168241250744854,0.06500598437933552,0.10507524688200788
2024-05-06,0.5006650877468718,0.9277500028536283,0.09970646582392444,0.10695784515657347,0.1053582761861362,0.06280974157250428,0.1258327590077335
2024-05-07,0.4873877416391971,0.9292731431648068,0.10072466367866816,0.12091232161638638,0.08075063175087288,0.04646365715824036,0.13853646743502926
2024-05-08,0.4695229868081203,0.9277424449762992,0.10055875007041958,0.11612776121599887,0.1021583060100339,0.05342516838311793,0.09725300112855
2024-05-09,0.5770096712640249,0.927051549399264,0.09909861390130066,0.10986093648628062,0.13767248296825857,0.09920517155065689,0.13117246635752808
2024-05-10,0.5037513722387343,0.9297066055318177,0.10130596115450152,0.11263342094603862,0.10419125751649684,0.09243634641207155,0.09318438620962588
2024-05-13,0.5263093773416024,0.9304798989782441,0.10053460977466087,0.1269516827686409,0.11903725604169955,0.07775389500657283,0.10203193375002817
2024-05-14,0.5513464371346632,0.9319436570957005,0.09362284555191291,0.13015075211164095,0.10379924180755563,0.0850532487050559,0.13872034895849797
2024-05-15,0.517131757636055,0.9347696429324077,0.0939067434394166,0.11313936023078455,0.10637033867851538,0.07564112972694427,0.1280741855603943
2024-05-16,0.46543795446310127,0.9369065719178575,0.09929055854117987,0.11705947628444956,0.08292161613525867,0.06806033947725126,0.09810596402496188
2024-05-17,0.5050111447272926,0.9370008443436646,0.09919284800465693,0.11513263248314687,0.11308630880009748,0.054389129470523066,0.12321022596886812
2024-05-20,0.46492679264068815,0.9369615696024987,0.09714245238867288,0.10974297004884441,0.07344917131826487,0.09929638703143724,0.08529581185346886
2024-05-21,0.4816526878897211,0.9376545949072662,0.09796873870927646,0.10971636524317208,0.0968909748070842,0.0815867273959541,0.09548988173423426
2024-05-22,0.5040373459366512,0.9392000234844431,0.09186887586037486,0.11022106022731226,0.0655280935925353,0.1035279106346645,0.13289140562176435
2024-05-23,0.4453562863298803,0.9383869438290041,0.09319153097336319,0.11411648121506741,0.055871774356715434,0.06331415356639374,0.11886234621834056
2024-05-24,0.43769135327705044,0.9374482455712303,0.08727966424283869,0.1021495329656927,0.07693540773998374,0.0784439451466501,0.09288280318188513
2024-05-27,0.42586573532603855,0.9363234514370823,0.08577583802245456,0.10428706028075092,0.027121093076108594,0.09438570884026681,0.11429603510645765
2024-05-28,0.39191182128863655,0.9338901246812209,0.087592453073549,0.11088603434433349,0.04658716254156895,0.0535645025535551,0.09328166877563002
2024-05-29,0.3829776931586094,0.9317410320133953,0.0861057229584793,0.10998828044571922,0.0736825091983007,0.04808640498551892,0.06511477557059132
2024-05-30,0.42629822981964793,0.929056763384503,0.08372189683832763,0.10443879478046485,0.08190649856504757,0.09044954926283612,0.06578149037297172
2024-05-31,0.42658672064636155,0.9278261174058363,0.08734363105234254,0.10398051315755064,0.055562920364188605,0.10632674012110564,0.0733729159511742
2024-06-03,0.4536198434934543,0.9270595814876793,0.08918952525346985,0.11241929407695422,0.04294310475167067,0.09760765248766833,0.11146026692369113
2024-06-04,0.4836940714297784,0.9269027359997953,0.09119870597883044,0.12965984249560358,0.07947924609837326,0.06307200226573322,0.12028427459123783
2024-06-05,0.4322721635717508,0.926525701668941,0.09350454782360118,0.1315240507541543,0.03716752527384603,0.05750849182772738,0.11256754789242192
2024-06-06,0.44744161642858793,0.9246418201730914,0.09331442736919246,0.12998125816915987,0.0538842991756043,0.07588439765558476,0.09437723405904659
2024-06-07,0.3884373907272508,0.9240922338876351,0.10048175324801183,0.12066307789613259,0.03335229441847327,0.06065019144251032,0.0732900737221228
2024-06-10,0.40791795463118413,0.9229873095686089,0.09240482145221363,0.12009444073927188,0.07182326535378716,0.049756442320422714,0.07383898476548872
2024-06-11,0.4640796949094499,0.9228556218770773,0.09281593898188999,0.12432032055631433,0.05059794616498459,0.10554498204226347,0.09080050716399751
2024-06-12,0.4116075047331732,0.9231722843976814,0.09443946357631457,0.12064906751266252,0.04488527313795625,0.0720498828857501,0.07958381762048979
2024-06-13,0.44899070907296884,0.9234560683061059,0.09680367060864009,0.12546265203882961,0.04436834902896004,0.08045743675586535,0.10189860064067378
2024-06-14,0.4363675380012819,0.9232484388645799,0.09763086939717398,0.14262596572804545,0.05295413459694545,0.05857852163830438,0.08457804664081267
2024-06-17,0.4744402033193078,0.9219633167026976,0.10268763837757634,0.1427453548963832,0.06665688806965481,0.0825528073231496,0.07979751465254384
2024-06-18,0.44150361071262,0.920901801294604,0.10352206455932447,0.14236930146451066,0.04043499863155618,0.06933226205149032,0.08584498400573838
2024-06-19,0.4241080462299726,0.9199052610822143,0.1074280166964977,0.14697336929934232,0.03965108883975062,0.059529501378078935,0.07052607001630311
2024-06-20,0.39570777750885944,0.9185319275152285,0.10462817703075766,0.13514032956545896,0.05321150476639945,0.057751375212739084,0.0449763909335043
2024-06-21,0.449512828141633,0.9175883634050226,0.106419156169617,0.13521244619370565,0.07773133607235652,0.06950468177975978,0.060645207926194024
2024-06-24,0.44607016217712303,0.9174492697259974,0.10534848510991628,0.13846102197129137,0.07002141552851292,0.07677046762764668,0.05546877193975571
2024-06-25,0.42384555360992204,0.9168215605187272,0.10517102498824021,0.14057930594620485,0.045524932660240255,0.059224565173738496,0.07334572484149819
2024-06-26,0.4085620006530491,0.9170509302583918,0.1043540713742308,0.14135233304327627,0.03647122090452915,0.04110917963227275,0.08527519569874012
2024-06-27,0.40970156463933455,0.9158282662801157,0.10232012354301985,0.13368987335353416,0.05052845607062709,0.06779234522809133,0.05537076644406218
2024-06-28,0.3604297696879787,0.9142096199082841,0.10224436323801846,0.13975848212391015,0.027531370162755225,0.04507999160237401,0.04581556256092091
2024-07-01,0.3788957278217462,0.9111091299196217,0.09980310354177005,0.14106482735652076,0.03099865545473656,0.027228548710241572,0.07980059275847723
2024-07-02,0.37012802557333946,0.9073299020817281,0.10272643144258647,0.1426698052928511,0.053501176984819154,0.03712752243001095,0.03410308942307186
2024-07-03,0.41426567050421714,0.9028335003473669,0.13532125108654788,0.13604766884544806,0.02542462156150631,0.07181158416556069,0.045660544845154194
2024-07-04,0.40915897438463644,0.896871523594441,0.14380870981772936,0.13597397007138712,0.01876213991887222,0.05618333107574373,0.05443082350090402
2024-07-05,0.3810848988834392,0.8934084129037779,0.14253458357591312,0.1292874933156157,0.01756009639155702,0.031217949140545813,0.060484776459807515
2024-07-08,0.4522052080806554,0.8912970798146129,0.1408659177867923,0.12908440466280605,0.04405261428968777,0.04036448844217903,0.09783778289919029
2024-07-09,0.4414534257973832,0.8917215705681989,0.13888307219769075,0.12863339897276896,0.03013403928127018,0.04909593474737556,0.0947069805982777
2024-07-10,0.4362722370061001,0.8922351814652257,0.13639917141939661,0.12193880813358089,0.035279184186671,0.06317435307845738,0.07948072018799426
2024-07-11,0.38997586419900776,0.8928394785608862,0.13207866769055868,0.11576125653065285,0.021448672530945432,0.055930748944331386,0.06475651850251947
2024-07-12,0.399020470064786,0.8924108199392382,0.1367337497677017,0.11785977380576837,0.0606223901820793,0.027490356292381137,0.05631420001685538
2024-07-15,0.4289500500618116,0.8912981694620874,0.14250525904847858,0.12488419179014768,0.03606171904030515,0.029607490916614174,0.09589138926626596
2024-07-16,0.4566469237405199,0.8919686206875891,0.14507305727275158,0.1260033833132238,0.033320666864766264,0.06592365782782987,0.0863261584619483
2024-07-17,0.4409238345147657,0.8931402468634367,0.145160955064931,0.1232944179865503,0.05307511581935596,0.06282779667591074,0.05656554896801768
2024-07-18,0.41187296524509776,0.8926992520259964,0.143037098543016,0.12764573212877467,0.05294630046499014,0.030372296390769535,0.05787153771754736
2024-07-19,0.4134653871541135,0.8925927712756294,0.1405577122583463,0.1284512815674814,0.059095797270662366,0.03498553275919422,0.0503750632984292
2024-07-22,0.4501778086972647,0.8929655576074331,0.142258650901598,0.13137884065948444,0.06332870678664211,0.06907653106549454,0.04413507928404556
2024-07-23,0.4317249865197795,0.8938618235892625,0.14137400796078453,0.12668179637765067,0.03616544389694488,0.05537833596719685,0.07212540231720257
2024-07-24,0.44923833897840987,0.8966215987869157,0.14345945580590655,0.13150450115541434,0.057610514220906434,0.03267000538108648,0.08399386241509615
2024-07-25,0.4585772993409767,0.8987660518735068,0.14235627810134396,0.13522813355200236,0.07624015474513196,0.04752096366227738,0.05723176928022102
2024-07-26,0.42343664488550875,0.900929031671295,0.14321664951740246,0.1380388964618203,0.04121491432243396,0.048774433783583905,0.05219175080026813
2024-07-29,0.44322777781774353,0.9013748637247235,0.14722456107503823,0.1484678367491413,0.04102809724540122,0.04734808192209181,0.05915920082607094
2024-07-30,0.5007104468152359,0.9017141145296113,0.14634716433515074,0.15038933105545585,0.0825016592144334,0.03306285086608575,0.08840944134411016
2024-07-31,0.487748829536783,0.9049722365045878,0.14198702331365087,0.14874831013811043,0.047120968176618205,0.05627471033896346,0.09361781756944013
2024-08-01,0.46879863506513336,0.9075540999258254,0.13738491374739223,0.1565791613780074,0.05539209506443832,0.02900000457234247,0.09044246030295296
2024-08-02,0.5609652549485393,0.9095038609862636,0.1321394115271997,0.16904226933503316,0.11509928171791682,0.02874868526106006,0.1159356071073295
2024-08-05,0.6627454882396788,0.9111703141095455,0.13667554711643184,0.17228450192071296,0.15667940113883683,0.08399524045009835,0.11311079761359878
2024-08-06,0.5693254852497872,0.9108370212712665,0.11819942494428277,0.1698135228163212,0.10375166529653164,0.03706164431379637,0.14049922787885516
2024-08-07,0.5908530560378569,0.9067598496259223,0.11798300572144185,0.1640505750932416,0.11068723681640569,0.09797175386762841,0.10016048453913926
2024-08-08,0.6116918895194566,0.9067506285260303,0.11923249644066425,0.15842079946661683,0.14841527528977785,0.08723566391681466,0.09838765440558307
2024-08-09,0.6143882383593204,0.9107476015890419,0.12331731892780362,0.16016595752083151,0.11630351555924433,0.07432537898025517,0.1402760673711858
2024-08-12,0.6014692546733483,0.9149820800241527,0.12042005535950058,0.1701656328136873,0.12304931421014469,0.048483533205877526,0.1393507190841382
2024-08-13,0.5916092335577955,0.916325499724554,0.11490932416086076,0.1722059990861662,0.14008194421076517,0.05919252078680454,0.10521944531319881
2024-08-14,0.6499126692317421,0.9177471550586196,0.12510897998845094,0.1658274169830058,0.12827362535072204,0.08101492127414023,0.14968772563542315
2024-08-15,0.6327353952418862,0.9223857135731248,0.12574131681583062,0.16401502286179592,0.14832386359641403,0.07061021669421853,0.12404497527362715
2024-08-16,0.5993798590411753,0.927040848650351,0.12403167216425387,0.1627116524010444,0.11891696403376918,0.04784383230390892,0.14587573813819893
2024-08-19,0.6307343113716869,0.9270803360252873,0.13266839291396354,0.17060409402028565,0.16484980227943904,0.06233816052583829,0.1002738616321604
2024-08-20,0.6096780636273317,0.9287688939866546,0.1381410285998542,0.1719823779554599,0.13205599101856227,0.06042335563177547,0.10707531042167988
2024-08-21,0.6642473738207816,0.9262625664755249,0.13808764927801792,0.17141180827880406,0.1422398607829082,0.06781945457987465,0.14468860090117683
2024-08-22,0.6676936768856171,0.9289836860554723,0.13550348248326374,0.16700350402192632,0.13849331503608595,0.0921509104673417,0.13454246487699945
2024-08-23,0.6749399172058905,0.9332449586286152,0.1355886928398356,0.15993887739255927,0.1527518185157642,0.10512414476506242,0.12153638369266909
2024-08-26,0.669671259857687,0.9368290658887082,0.1420319009088743,0.1633528382704794,0.1492465615312356,0.10908136135003008,0.1059585977970677
2024-08-27,0.6434527712797745,0.9389532220956119,0.1397637267372204,0.15681598065573843,0.15195932605869217,0.06453954331185932,0.1303741945162643
2024-08-28,0.7231294940188385,0.9395499698273435,0.14158046097053423,0.15680765013670148,0.13898859898480362,0.11771373185193156,0.16803905207486744
2024-08-29,0.6897752244386985,0.9432638246803956,0.14257378499479545,0.15374116130997717,0.16230643052259222,0.11199902653963781,0.11915482107169598
2024-08-30,0.6780449329899624,0.945502631353209,0.14584649784781684,0.15519284569797503,0.1283492652446138,0.09748458164641707,0.15117174255313956
2024-09-02,0.5930880659209409,0.948330485850429,0.13996049929102886,0.15402195132260418,0.11412666881441372,0.0866577857759875,0.09832116071690655
2024-09-03,0.5860449184751855,0.9494582478089597,0.13445201854030328,0.15944350575274602,0.09560062357248839,0.10989706385558881,0.0866517067540591
2024-09-04,0.6126203498137053,0.948700078921188,0.13009186139689397,0.16684035870682964,0.12082295257984789,0.10250322691792148,0.09236195021221223
2024-09-05,0.5870929504997869,0.9486828880661488,0.13085281214705502,0.16541976335590208,0.09268740860416398,0.09214218855355123,0.10599077783911458
2024-09-06,0.5632159876712177,0.9496083513061225,0.12825170261893037,0.16121511895162563,0.11111509214133714,0.06549023112456019,0.09714384283476428
2024-09-09,0.5700619792156053,0.9490124797504337,0.1275167343480755,0.15402363464455318,0.09086521788874843,0.06686720115942713,0.13078919117480117
2024-09-10,0.6042362130400868,0.9487195548544943,0.13805505246503333,0.15866516693256202,0.09181860519396373,0.12093448118777407,0.09476290726075354
2024-09-11,0.6473601760638891,0.948473144451976,0.13671095668307792,0.15655257878540663,0.08765200093556194,0.11523403605583203,0.15121060360401045
2024-10-10,0.5610540451149677,0.9492746387592801,0.11751365355675228,0.16323159305561877,0.09645503226013837,0.1030017539067541,0.08085201233570423
2024-10-11,0.5691092971430801,0.9494249060680342,0.11785964351189393,0.16205700982885413,0.10716497215618503,0.10509151546477206,0.07693615618137521
2024-10-14,0.5595524794477589,0.9495039148031018,0.1512657960824252,0.15945117465831402,0.08665587452340953,0.09047571785882431,0.07170391632478597
2024-10-15,0.6384125277037321,0.9487852734920512,0.15126036486591668,0.1624931100578341,0.09705964292045123,0.12083380264703368,0.10676560721249637
2024-10-16,0.6532763323245941,0.9508957823697456,0.1532363088370556,0.16613351600023146,0.13039295038702375,0.11694925139489977,0.08656430570538375
2024-10-17,0.6408053616499534,0.952829712246555,0.15245275395944882,0.1649381088095761,0.1153252513788072,0.109849218549804,0.09824002895231723
2024-10-18,0.6195733915741096,0.9552168184821466,0.15195633066428635,0.1584342378241078,0.11857863953571478,0.1074893408383933,0.08311484271160749
2024-10-21,0.6286949170355849,0.956566243128644,0.15239089804325298,0.16118690947432096,0.09587652459864111,0.11412824831810721,0.10511233660126253
2024-10-22,0.5940247146714352,0.9579267873292836,0.15018530320886703,0.1548097773545946,0.13477038938977512,0.08456181295044712,0.06969743176775134
2024-10-23,0.6260843210506114,0.9577868108212271,0.1503835383427352,0.15544769849190493,0.0941273245117413,0.12220038620822556,0.10392537349600443
2024-10-24,0.6006532770705417,0.9579621467486181,0.1516222846060744,0.15855925187563338,0.11759811180776143,0.1033938454939026,0.0694797832871699
2024-10-25,0.5315435570733542,0.958232272386693,0.15045348092876124,0.15915467052859444,0.09306968622606389,0.08403807170471803,0.04482764768521656
2024-10-28,0.5913510656667545,0.9569855415366003,0.1481677614310116,0.1554276517461168,0.07006894137457638,0.10790836968360978,0.10977834143143993
2024-10-29,0.5474798295063764,0.9566327609370302,0.15053221261181549,0.15668984877416878,0.06421534855025583,0.0998416720610142,0.07620074750912208
2024-10-30,0.5246934057578555,0.9569879727658995,0.1481681378523755,0.15597803969908572,0.08634891478404957,0.07402906961740811,0.06016924380493646
2024-10-31,0.6052748413497593,0.955870597157906,0.15096163224080036,0.15788345380642657,0.09229095420834957,0.07888679181142261,0.12525200928276015
2024-11-01,0.5071949681351872,0.9555210530047915,0.15112608838328662,0.15881418880976192,0.0825921645815636,0.050302142790367196,0.0643603835702078
2024-11-04,0.5276603534728779,0.9534050000444522,0.1512297586277407,0.15824331265105623,0.046574382186079566,0.05205372126679481,0.11955917874120661
2024-11-05,0.5131008714315962,0.9518075866641547,0.15086697264481258,0.1591816136317638,0.08216178133158394,0.03818170663744713,0.08270879718598863
2024-11-06,0.5243133478096501,0.9505159670647959,0.14793087579376252,0.1507714982240711,0.08445388994725142,0.07494873027660347,0.06620835356796165
2024-11-07,0.5643845117672077,0.947904488875426,0.15231844545377538,0.1430573096429235,0.06831449592240141,0.09250240356956746,0.10819185717854002
2024-11-08,0.5565749098716906,0.9475932907795903,0.15194168283189988,0.14148548100260783,0.07744124479819413,0.08898663431803741,0.0967198669209513
2024-11-11,0.4877085830334174,0.9477473022985773,0.14129060357255804,0.14346933300312947,0.09019939842565772,0.04390139802601457,0.06884785000605759
2024-11-12,0.5759159418802724,0.9462641537976144,0.1413957930961953,0.1573843943155343,0.10267509898677564,0.10387152492835884,0.07058913055340826
2024-11-13,0.558826306242623,0.946794326058582,0.1364689752732715,0.1458280915998276,0.11949197356463488,0.09522356727600682,0.06181369852888216
2024-11-14,0.5582758674845784,0.9475224438384374,0.1360293715349665,0.1404947071898373,0.09115819373480141,0.09736609940132912,0.09322749562364398
2024-11-15,0.5624642749608887,0.9498135077949789,0.13843258941195788,0.14443715756468473,0.09650978630928293,0.06725116331054104,0.11583357836442217
2024-11-18,0.5106674573089873,0.9513505093336595,0.13964075866886017,0.14521764096495401,0.07971661164416527,0.06178310779005951,0.08430933824094845
2024-11-19,0.5380606682510388,0.9504828048292461,0.13437860344137617,0.15000148172765002,0.09788880380770168,0.06063424789427949,0.09515753138003144
2024-11-20,0.5214767074374403,0.9509216840716266,0.13476855591497883,0.15324048288142766,0.0836155273925051,0.07421561189478558,0.0756365293537432
2024-11-21,0.5498175077021845,0.9509766037791261,0.13630664654167476,0.14876771928084953,0.09433250678866506,0.0760781283023301,0.09433250678866505
2024-11-22,0.5453953106868124,0.9526077500452248,0.13270811414423134,0.14431459937466742,0.07839852287728519,0.10697675537864193,0.08299731891198628
2024-11-25,0.5519025550126181,0.9538244395331298,0.13320651655548885,0.14800724061720982,0.06994712556576287,0.09494390398111385,0.10579776829304256
2024-11-26,0.5677400855875904,0.9546460658314716,0.12937100133509255,0.15032932301024324,0.10918078568992119,0.07209223738520425,0.10676673816712898
2024-11-27,0.5414916248271074,0.9557673231884426,0.1244694686405179,0.14611155630352057,0.11018788794919633,0.09733446532700692,0.06338824660686569
2024-11-28,0.5016034418613783,0.955330548203588,0.11793390905409812,0.14692324982717253,0.08180704119674405,0.07093603840684114,0.08400320337652241
2024-11-29,0.5582929140157016,0.9548158741766468,0.16517217133745446,0.14223464056700397,0.12160183776870402,0.07748275944467962,0.05180150489785948
2024-12-02,0.5426662761120747,0.9537770913484948,0.16586951025405436,0.14920581854313814,0.08386660630822972,0.09296585901879582,0.050758481987856686
2024-12-03,0.5402205529729627,0.9535238001348699,0.164181454322073,0.1455493800665641,0.06630826426225246,0.11420365514259019,0.04997779917948285
2024-12-04,0.6290896281015808,0.9515089993886912,0.16241274299910421,0.1362735877285413,0.1223837437144765,0.09405721143382466,0.11396234222563406
2024-12-05,0.6679389262175027,0.9534156945188306,0.16339572419857204,0.13720418960202027,0.12208104410275604,0.11079347898373998,0.13446448933041444
2024-12-06,0.5851332649610426,0.9550955732009512,0.16368362064857683,0.129541698434152,0.11856358839735948,0.08892269129801961,0.08442166618293467
2024-12-09,0.6479807235403735,0.9550114001018547,0.16476690937389477,0.13688496734793254,0.14006833868160537,0.09209822582591451,0.11416228231102633
2024-12-10,0.6262688974077527,0.9553812743200857,0.1649405372446861,0.13946370326281712,0.08851003529907922,0.10838635836252009,0.1249682632386503
2024-12-11,0.5205762533187004,0.9534765060784615,0.16559804605569603,0.12515749079788543,0.09205980058688594,0.05797575536959841,0.07978516050863449
2024-12-12,0.5785127086313241,0.9510696457090929,0.16528934532323547,0.12549746589356767,0.08985968376699706,0.08953172871675255,0.10833448493077141
2024-12-13,0.5938856133236975,0.9501296130776328,0.16479834323381015,0.13203525312768485,0.10680767374596839,0.07666563084833314,0.11357871236790096
2024-12-16,0.5989073808208527,0.94960711010414,0.16448941550884358,0.132071793474254,0.11417115369757823,0.08000712778233733,0.10816789035783941
2024-12-17,0.6035272832462424,0.9506947970744718,0.1644592723674805,0.13003756419754273,0.13342509738252073,0.07430717954145298,0.10129816975724548
2024-12-18,0.5282588911266959,0.9511283842719895,0.1666114549000589,0.1269264430045724,0.09522216352883943,0.07368511850566908,0.06581371118755606
2024-12-19,0.5796079257222164,0.9485682757304894,0.16594493283469028,0.1273480167877255,0.14882709153702509,0.06498237842935309,0.07250550613342249
2024-12-20,0.6414314362461861,0.9468024254058057,0.1646565597286189,0.12591383979247325,0.14691761773538367,0.1003392915200176,0.10360412746969277
2024-12-23,0.5476075187094448,0.94771939780628,0.1651428283993472,0.1348593809751925,0.10119900236345222,0.07254955390103249,0.07385675307042046
2024-12-24,0.5864474697201787,0.9458830156777072,0.16449666697935303,0.13459806590908066,0.13068406722351772,0.059688479954834645,0.09698018965339252
2024-12-25,0.58596145639394,0.9463272082100014,0.16457391563468188,0.13466127399586,0.1270471470332508,0.06852714266348288,0.09115197706666452
2024-12-26,0.6180642495848182,0.9471831903096561,0.16461390617795407,0.13108144380837083,0.1365250253618746,0.08491987223465884,0.10092400200195993
2024-12-27,0.6025110909065545,0.9485788076161823,0.15133648103117944,0.13225587283200338,0.1428319813766895,0.09409465643365121,0.08199209923303094
2024-12-30,0.6220557977539158,0.948621461956015,0.14196610844445195,0.13902211080389879,0.13029915483188945,0.09846036553405538,0.11230805813962019
2024-12-31,0.5295362227441006,0.9493025217131001,0.13573934908173527,0.1387945755883981,0.11468010923223776,0.05499407711993133,0.0853281117217982
2025-01-01,0.5310976486701134,0.9493629635155099,0.13574799156474648,0.13880341259675044,0.11010427933185629,0.07147502771294932,0.07496693746381096
2025-01-02,0.5287419645050685,0.9500320303994412,0.14348759631550184,0.13682645219431036,0.10788869494651127,0.07523816884427759,0.06530105220446734
2025-01-03,0.5153945287155838,0.9497844524095697,0.15960745625549322,0.12805714513522132,0.08187797003530776,0.06615739978852865,0.07969455750103288
2025-01-06,0.5011030160376294,0.9477383129407336,0.1586099981197366,0.1314850739907432,0.08453390009678269,0.06525232752316087,0.06122171630720602
2025-01-07,0.5510017934813956,0.9460658384227629,0.15822135573622073,0.1382126069695784,0.10167489183049236,0.09221423344626473,0.06067870549883929
2025-01-08,0.5107256245791597,0.9455869193102124,0.15781519618832515,0.1349906843429062,0.08803740283233014,0.06206093458921051,0.06782140662638766
2025-01-09,0.5004739363714801,0.9426549570105814,0.15786761751315143,0.13522222831600067,0.09599911401280176,0.07454558740497473,0.03683938912455147
2025-01-10,0.5137611682608163,0.9415888274424062,0.1551998136267139,0.12684392020258625,0.09653991196306051,0.1048735142289301,0.03030400823952572
2025-01-13,0.5086720287341042,0.9403839035245869,0.14894816310998632,0.135112629816751,0.11208943769597664,0.0928493992100713,0.01967239890131895
2025-01-14,0.5281807786399921,0.9385565306715544,0.14844296393150105,0.13506583636790648,0.07540816263671456,0.11618682569347866,0.053076990010391366
2025-01-15,0.44335904836080864,0.937129183853021,0.14563202949072235,0.118595313956572,0.08186415858945932,0.0681842268251681,0.029083319498886866
2025-01-16,0.45403509862152225,0.9351575184676237,0.14844281988549293,0.12157047740079112,0.05815174913689478,0.08405668729214734,0.041813364906196054
2025-01-17,0.4921459435402274,0.9330289188930001,0.14917738231955902,0.12494007936900522,0.07775240990775004,0.08268566626051761,0.05759040568339554
2025-01-20,0.4681453790848761,0.9305151469130503,0.1468502639898412,0.11893480958244967,0.06727517556417342,0.1051375160247734,0.029947613923638407
2025-01-21,0.43358986487936524,0.9293500429786837,0.14677321368421972,0.12369969537578344,0.05768379577109073,0.08054367039148592,0.024889489656785443
2025-01-22,0.423995080425514,0.9275225546145263,0.14680443192002332,0.11162254191740337,0.03315626603277215,0.07569436939957629,0.05671747115573886
2025-01-23,0.4319051282292588,0.9232370062885873,0.14421598753404485,0.108666056832128,0.0759813444255895,0.08797281358772863,0.015068925849767751
2025-01-24,0.4512536090846299,0.9198468601303373,0.1445322595170312,0.10594098320121818,0.03605376773614311,0.11291913179531039,0.051807466834927055
2025-01-27,0.45550843243626066,0.9177682635932067,0.14420565704964527,0.11635613732681692,0.05380020855546386,0.10158745262531703,0.039558976879017535
2025-01-28,0.4509714670245154,0.9177664942955047,0.14420537904620176,0.11266374895489646,0.053800104838012355,0.1015872567823645,0.038714977403040265
2025-01-29,0.44765925672002455,0.9176803801753565,0.14419184824134626,0.10938328209676378,0.05379505676890022,0.10157772484009982,0.03871134477291447
2025-01-30,0.447952746935946,0.9176333643378218,0.14428993590967135,0.10906125272704689,0.05315945007198417,0.10157252067325546,0.03986958755398813
2025-01-31,0.4037037964974153,0.9177483745825743,0.14441350859810856,0.11076273486341416,0.062027131523511934,0.07869428591248281,0.007806135599897759
2025-02-03,0.49219918865709666,0.9153768579129414,0.13646480284058451,0.114474715104515,0.08154219136580802,0.13730652868694124,0.02241095065924788
2025-02-04,0.44802814867031787,0.9132719993982581,0.13205703163712745,0.10822798061834533,0.04114972686943876,0.1423444633544871,0.02424894619091927
2025-02-05,0.44391383911455545,0.9117210576715372,0.12753615255014494,0.1166374180676346,0.04233739164359783,0.08991455948071024,0.06748831737246784
2025-02-06,0.4322506669888181,0.9105522524946047,0.10937093147780022,0.11565060218465958,0.04092252077303339,0.08948530757274564,0.0768213049805793
2025-02-07,0.41107727211988426,0.9095555105399268,0.09482377563904756,0.10987848753763946,0.06962804253098752,0.09879654683450931,0.0379504195777004
2025-02-10,0.43033850714764094,0.9102710946230184,0.09699095456500441,0.10326868625205969,0.05670884290639955,0.11425471670440646,0.05911530671977074
2025-02-11,0.42623357995868916,0.9115614910620933,0.09670933979888646,0.09985265528530748,0.03792934020281354,0.13359090817289299,0.058151336498788724
2025-02-12,0.4018997261026739,0.9122169624558473,0.09279448411188793,0.09625461741775493,0.04477202792743067,0.11407954656919103,0.053999050076409365
2025-02-13,0.40329529447041507,0.9132402555680922,0.09415821945339987,0.09583774176249062,0.03264571488295134,0.10612481590567144,0.07452880246590178
2025-02-14,0.3695764267740519,0.9134417366290486,0.09323405311799947,0.09942865799858726,0.045147120316148384,0.10289343699959401,0.02887315834172281
2025-02-17,0.3547415990978147,0.913903438599641,0.0897096019039188,0.09706284796161706,0.042963966251408414,0.08949950915941313,0.03550567382145732
2025-02-18,0.387862735505116,0.9144731162315742,0.08366903454256704,0.09491600275369098,0.04866678767991023,0.09785913462202249,0.06275177590692528
2025-02-19,0.41259386894365924,0.9164071125376141,0.08553133050351067,0.09532740653408515,0.040342979781828305,0.12239828330674804,0.06899386881748705
2025-02-20,0.4137273478560591,0.9179872293669252,0.08989943901386442,0.09538625923536787,0.08071956672019516,0.09591383810282014,0.05180824478381154
2025-02-21,0.42156525209210804,0.9203557573905493,0.09214136375714582,0.10441277385568648,0.062097566619339385,0.10166228538532392,0.06125126247461243
2025-02-24,0.41424774966359634,0.9231443191786083,0.0939060600543757,0.10059089822773802,0.07618593346784376,0.09401216859681001,0.049552689316828755
2025-02-25,0.46138704186409,0.9251134510757277,0.10569687015738777,0.1142036605121071,0.08166518740530564,0.08974663824228901,0.07007468554700054
2025-02-26,0.46412101432531744,0.9276023029244799,0.1209081622432598,0.11600359834273957,0.05629586390162361,0.11781615456684488,0.05309723527084955
2025-02-27,0.4754248783457486,0.9301093864645856,0.11931058336718135,0.11375130887337004,0.08424439040621766,0.11375130887337005,0.044367286825609545
2025-02-28,0.5382689707131869,0.9328565827101049,0.1204135565957986,0.12974212242289965,0.12620370090227512,0.13639006588589123,0.025519524906322415
2025-03-03,0.5135685095655145,0.9323969184515809,0.12056856704115271,0.13064274064281348,0.09549030509659294,0.11135176991622905,0.05551512686872632
2025-03-04,0.5541440033962182,0.9337696745200652,0.12106806814467054,0.1346989587957106,0.08296597223034605,0.14135340934976162,0.07405759487572933
2025-03-05,0.46895156043679176,0.9348942657653729,0.11917215410733319,0.12325560032561873,0.05437431016980216,0.09445655857560493,0.07769293725843272
2025-03-06,0.40226734270491243,0.935005578822532,0.11660701758878707,0.12520477003772987,0.057067581879858005,0.07071651389255473,0.03267145930598274
2025-03-07,0.46694297283425035,0.9338859456685007,0.11936565190613484,0.12237126184621737,0.08029272268506192,0.06698216437898213,0.07793117201785421
2025-03-10,0.4650717738350956,0.9342240665816974,0.11897934089339322,0.1289658740189217,0.0609930195193568,0.11178474175994794,0.04434879764347598
2025-03-11,0.5250190410493184,0.9348476580288722,0.12131528803616057,0.13345756221515626,0.09842763847752266,0.11572769283874661,0.05609085948173234
2025-03-12,0.48804345364166357,0.9379231382112816,0.12203781522473228,0.12225342973926362,0.06112671486963181,0.11837236847769969,0.06425312533033607
2025-03-13,0.4704115519793783,0.9399587740515826,0.12154639319632533,0.12478763034822739,0.08762144433975098,0.07606103183130049,0.06039505226377411
2025-03-14,0.4801920804348811,0.9417653516193562,0.11929027787178514,0.11550156668710956,0.08833109504843618,0.09049607286825077,0.06657306795929933
2025-03-17,0.4721624980653793,0.9445421322531156,0.11964200341872801,0.11529928097158725,0.06329517966707661,0.1071566763831983,0.06676935762478922
2025-03-18,0.43065035906915194,0.945648188768708,0.12032557988125976,0.11195604993468615,0.0849996417950724,0.07304317044282435,0.04032591701530928
2025-03-19,0.43697402936307694,0.9459253683649587,0.11916485100321779,0.10187724944344442,0.07023767677744408,0.0869816430680422,0.058712609070928484
2025-03-20,0.47212639079108504,0.94730156823857,0.119882646739157,0.10997409010585701,0.06565779835032849,0.11803159769777129,0.058580257897971354
2025-03-21,0.4961777331563895,0.949361398385878,0.11959771179665775,0.10693955981817937,0.06820124988404297,0.12276224979127733,0.07867696186623196
2025-03-24,0.48391502754603344,0.9516412160150295,0.11922861212142326,0.10686821471800965,0.0875072382542556,0.127869951899031,0.042441010553313965
2025-03-25,0.4625354714912578,0.9531166750293563,0.11590775197483437,0.10341863692272557,0.09180595099708054,0.09881738400879074,0.05258574758782657
2025-03-26,0.4247705344446525,0.9549105037903038,0.07419764374278683,0.09911312470375225,0.06201430283235882,0.10690607249330529,0.08253939067244925
2025-03-27,0.39745351122317546,0.9546785056989577,0.07242388663923129,0.09832091277083521,0.11159862532136094,0.08087334008047495,0.03423674641127297
2025-03-28,0.4472197713581859,0.9529297111967223,0.07174355871653484,0.10810823275300747,0.11511829039859256,0.10536992898520081,0.04687976050485025
2025-03-31,0.4539437310962255,0.9523295057962771,0.07498226568625861,0.11975269877484221,0.12697726743950363,0.09709382432658598,0.03513767486903505
2025-04-01,0.45518986816318907,0.9501324023559847,0.0773211196400043,0.12067773616130613,0.0843105993814736,0.10287640494475146,0.0700040080356536
2025-04-02,0.4698095829787697,0.9474602160211626,0.07721256243206946,0.12382324892138645,0.12229860029790413,0.09322137297863396,0.053253798348775694
2025-04-03,0.49288731053644785,0.9470228802268321,0.07848316053374092,0.13105925836702367,0.12376609365723085,0.07543527080427527,0.08414352717417717
2025-04-04,0.49048775120293486,0.9457543075056586,0.109359636017321,0.13577553219247904,0.1270789408590937,0.07239912285043319,0.04587451928360782
2025-04-07,0.5705139127677951,0.9439846027158264,0.1160992557363143,0.14279123415793424,0.15928383871113028,0.08810522958681048,0.06423435457560568
2025-04-08,0.6303145685991955,0.9427087410715145,0.11334176358170164,0.13815559136392885,0.12244377901273695,0.1614524165743169,0.09492101806651114
2025-04-09,0.5931429299602088,0.9445988450766643,0.11226611561026105,0.13061521961232497,0.15167868811173563,0.14516421331810347,0.05341869330778378
2025-04-10,0.6084656847956337,0.9461396707277948,0.10712041099619288,0.1324595539018913,0.1084254312316795,0.1600824822196913,0.10037780644617873
2025-04-11,0.5746472212391973,0.942755199845562,0.11074664531519132,0.13523660797784615,0.1555004266411933,0.1055452373160434,0.06761830398892307
2025-04-14,0.5420472518359336,0.9392175046748898,0.10601282638974045,0.13343365928484643,0.12134258336259499,0.11162654021078579,0.06963164258796598
2025-04-15,0.5409449025131622,0.937120798857927,0.1091153297980552,0.13442836287065438,0.12387228950420877,0.10943847490110965,0.0640904454391341
2025-04-16,0.5813722530707718,0.934578455601573,0.11000095845241506,0.13674923838859804,0.16220844459291672,0.12246200452710271,0.049951607109739254
2025-04-17,0.6110739078425302,0.9335106230430222,0.10579787061154254,0.13090608736925144,0.12468268321563127,0.15419020290951993,0.09549706373658505
2025-04-18,0.5525492904074015,0.9350668793122725,0.1086612201131848,0.13531600012116682,0.13219911052345926,0.1152174361635352,0.06115552348605554
2025-04-21,0.5863308011106686,0.9335794234375578,0.10945413929957577,0.13885652573887355,0.13756882998240796,0.14529500452120156,0.055156301568609754
2025-04-22,0.5823780474475264,0.9330918992253185,0.10918247740360626,0.1348156916466926,0.14672065725749842,0.12494851294224096,0.0667107081974883
2025-04-23,0.6013736102390121,0.9332769192078852,0.10866776082271126,0.13634424877163479,0.11724961755105963,0.15254250334639233,0.0865694797472142
2025-04-24,0.6075637751288292,0.9333930502597231,0.10750113061611985,0.12810014965633443,0.1456951450865177,0.15374163689910156,0.07252571287075552
2025-04-25,0.5894321738692297,0.9359481497832265,0.10844088907833246,0.12952661751023045,0.12048987675370275,0.15459281508488468,0.0763819754420794
2025-04-28,0.6209136689694178,0.9373501509689283,0.10924977621637856,0.13359933186223807,0.12735033085577854,0.15859533588807617,0.09211889414694642
2025-04-29,0.6254610413139995,0.9406242107920129,0.109415138082933,0.13352539084231452,0.11352361164731191,0.16087917536304774,0.1081177253783923
2025-04-30,0.5786171037506652,0.9430439870046434,0.10926302745984837,0.13657878432481044,0.13657878432481044,0.1366871801853857,0.05950932745581028
2025-05-01,0.5934638527929602,0.9433830658320397,0.1108204015264764,0.13131458537041382,0.12600127844791154,0.14421833075363366,0.0811092566945248
2025-05-02,0.5125488267016328,0.9455417286480501,0.09096763527338138,0.12335515655351001,0.11650813024261034,0.11802969164503249,0.06368821298709855
2025-05-05,0.5266699143165775,0.9445533404564466,0.08956971331914582,0.12604901474367067,0.10759222533245273,0.14504865090227737,0.05841031001903084
2025-05-06,0.5247625512983083,0.9446377397672836,0.0871889775900148,0.12736322629276137,0.10695036478974419,0.14506161153207944,0.05819837109370851
2025-05-07,0.4943349742623244,0.9452119288092795,0.08995810081081419,0.11559833244288202,0.0875679097264689,0.14015211358206564,0.0610585177000937
2025-05-08,0.4352719428548259,0.9452985279173701,0.08638072755107004,0.11202330830836882,0.07638446725585187,0.1157175784174712,0.04476586132206397
2025-05-09,0.4678069520159133,0.9418931919783488,0.08228032481649945,0.10750574018787362,0.08769350408074283,0.14821284825498388,0.04211453467581353
2025-05-12,0.44942948693710577,0.9405909397047917,0.0809773119355045,0.10627596479652994,0.060435670723560764,0.1682252301357076,0.03351530934580293
2025-05-13,0.3671571014129855,0.9375599595811485,0.07532809330427849,0.10022192671384693,0.03351507441721118,0.1186498293676833,0.039442177609965566
2025-05-14,0.40783102851641123,0.934702304555526,0.07703236234095544,0.09819746050158058,0.01364450490558067,0.1697505334710036,0.04920616729729092
2025-05-15,0.3884394688436938,0.9296900629821555,0.074482065965352,0.09339645000533381,0.05193441041486525,0.14693377432189242,0.0216927681362503
2025-05-16,0.3475458514909542,0.9269309956993566,0.07905549411596813,0.09546323817777283,0.02961917434533577,0.11144480706914105,0.03196313778273644
2025-05-19,0.36369973793381116,0.9238504292041333,0.07263375788225601,0.09472121641955024,0.05405055959366712,0.11840152052443778,0.0238926835139
2025-05-20,0.37820059940337786,0.9206338038078867,0.0762962037408605,0.09386231999742478,0.0409523312728336,0.15597864676009485,0.011111097632164151
2025-05-21,0.33556345129640236,0.9174739240347897,0.07508522228882418,0.08795094857988676,0.018560392026450923,0.11927161012452266,0.03469527827671792
2025-05-22,0.3666062087205691,0.9141513373083838,0.07533867917817372,0.08374466848675656,0.060207898422724594,0.11925997331551906,0.028054989317395234
2025-05-23,0.32863572055063284,0.9108412770915912,0.07412363496331571,0.08448838053022002,0.042715315063605666,0.1153732284316016,0.011935161561889819
2025-05-26,0.3311338339283746,0.9079307769230566,0.07472165934217341,0.08369660725198753,0.016488857787798045,0.12878006651989105,0.02744664302652459
2025-05-27,0.35655800445150987,0.9065034011479063,0.07210348891889096,0.08939999059596594,0.052827267170343514,0.11451117676569532,0.02771608100061415
2025-05-28,0.38748475425496537,0.9052409672444139,0.07200307463599248,0.07918257196241368,0.028405837248014373,0.15368286305977008,0.054210407348774685
2025-05-29,0.36396584274934174,0.9031668088760046,0.07983164092248825,0.06934660095737599,0.03301230404857121,0.16080521689068175,0.02097007993022448
2025-05-30,0.41753309843879954,0.902045680759264,0.07952517668302939,0.0653205492963605,0.08170252832624139,0.16226453912508598,0.028720305008082314
2025-06-02,0.41016924302627866,0.9022686256203852,0.08068563111869653,0.06917392796422955,0.06284767668114408,0.11926539304177507,0.0781966142204334
2025-06-03,0.41697300356661976,0.9019555273569346,0.0806576322165167,0.07547397976044236,0.06821686632193828,0.13954392411752117,0.05308060115020122
2025-06-04,0.3845213738215269,0.9041448519587253,0.0748257808517566,0.06661572989718885,0.05341729355250401,0.13957086622765152,0.05009170329242594
2025-06-05,0.4278419080741434,0.9006108396431277,0.07660368061332352,0.06314627726233427,0.06635535036910861,0.12122014864621872,0.1005164511831583
2025-06-06,0.4314053980267713,0.9004863154589513,0.07535103881081802,0.0552712290178253,0.09315375677161569,0.13496944314465203,0.07265993028186021
2025-06-09,0.35644115865147274,0.903302674124035,0.07340632075927504,0.06022017827493568,0.06831875397397875,0.1017513357059258,0.052744569937357454
2025-06-10,0.42024515298170034,0.9014134198571974,0.07263112727814891,0.06081950315588217,0.08247414738003785,0.1223642814771667,0.08195609369046475
2025-06-11,0.43168266824189333,0.9041018810073355,0.07326342828852549,0.059546020438759006,0.07367910731427597,0.12636642382815175,0.09882768837218117
2025-06-12,0.4562875199878235,0.9065314966645499,0.07116793243929743,0.0633530057439134,0.08085844154157366,0.15233897104868646,0.0885691692143526
2025-06-13,0.42652365358322775,0.9101682085293306,0.06643181751909483,0.08045050027115579,0.1120448449810245,0.09677075780340587,0.07082573300854678
2025-06-16,0.41006247939948465,0.9126486494693057,0.06587854619157747,0.06934031693094381,0.06734717620221772,0.13343552668102954,0.07406091339371608
2025-06-17,0.42114582667967637,0.9148486122629672,0.06708889823261761,0.07087447869715402,0.09148486122629673,0.0949549766521218,0.09674261187148621
2025-06-18,0.4127226255574564,0.9166930922516902,0.06374704836922673,0.06690805903216361,0.07354618142433102,0.09419811775551852,0.11432321897621656
2025-06-19,0.4336859991213691,0.917798149441963,0.061714013496959604,0.06751618570607545,0.07532274467834044,0.144843317147565,0.08428973809242857
2025-06-20,0.4283146729202319,0.9200833714582758,0.06334826890844912,0.06260797194290797,0.06430007929271629,0.14181974725581015,0.09623860552034841
2025-06-23,0.36974329899301883,0.921973832398757,0.05892154607054125,0.07132050450624869,0.08107011284885624,0.09516465534414757,0.06326648022322506
2025-06-24,0.42326914720866515,0.9215319271059524,0.06302430995724619,0.07467586305858581,0.05783407266664944,0.15560119550789017,0.07213370601829354
2025-06-25,0.4171190312818158,0.921517412938496,0.06302331732165578,0.07350954995164556,0.07795825470376243,0.10337942471585887,0.09924848458889321
2025-06-26,0.44957600158024563,0.9231322194354817,0.05220471861635139,0.07597272058802357,0.10112011553126601,0.11364075942705762,0.10663768741754706
2025-06-27,0.42779429312712364,0.9249031685402521,0.045182051336736466,0.07558691411863441,0.10503498051928382,0.11502818716787966,0.08696215998458925
2025-06-30,0.4196090047388701,0.9263126975965921,0.046847998499138004,0.07335970674069564,0.07527621577020584,0.1198882870682486,0.10423679666058205
2025-07-01,0.3956936384288081,0.9284074040805366,0.047594218645967745,0.0827029584094731,0.07139132796895162,0.11599756876270613,0.07800756464170946
2025-07-02,0.39222477660006844,0.9297971543380367,0.04168056209101544,0.07235318086055759,0.09020101129440267,0.12033926388329075,0.067650758470802
2025-07-03,0.39437291229651733,0.9313366821334692,0.049136038747041665,0.06508651755599418,0.04528223178648937,0.1604682398296633,0.07439988437732888
2025-07-04,0.4148779569092852,0.9321896242538174,0.045859443583980905,0.0641817913710387,0.11218419960847664,0.12461339459852755,0.0680391277472614
2025-07-07,0.3769651923959038,0.9335602544390441,0.04174194700882623,0.06449077159975466,0.07618710122433581,0.15173036779043778,0.04281500477254928
2025-07-08,0.356027202481465,0.9343700336617633,0.042959541777552346,0.06239873443189478,0.06046555505190492,0.14155169015703498,0.048651681063078024
2025-07-09,0.40189560013362,0.9338920195412642,0.03960990289778466,0.055282113800431174,0.07073963688249348,0.138258956456224,0.09800499009668671
2025-07-10,0.4050954089032504,0.9353317562256577,0.04483141866047118,0.05708748994894532,0.06418311016858824,0.15212579713325355,0.08686759299199213
2025-07-11,0.40217445167868127,0.9360400560739772,0.04206800711780749,0.06121917148345898,0.09500268615095654,0.12157761647857407,0.08230697044788421
2025-07-14,0.35475264560152114,0.9378146510887978,0.03934509743073693,0.056268879065327876,0.06467687248888263,0.1353902530767276,0.05907154353984614
2025-07-15,0.4142920755756789,0.937897751108094,0.037515910044323766,0.05573484337044651,0.07244451594765969,0.14273294511116283,0.10586386110208604
2025-07-16,0.46731513863406254,0.9385137825753331,0.041100431167954254,0.05415332400607096,0.10485464329462345,0.144121196956396,0.12308554320901785
2025-07-17,0.38620203705664485,0.9387979106993043,0.03906262570955727,0.04737152675827525,0.08157830120559473,0.1346689416727278,0.08352064171048984
2025-07-18,0.42621757167584257,0.939471211953339,0.039522582020105994,0.05053707209128308,0.08671211301132545,0.1301221621153763,0.1193236424377517
2025-07-21,0.3951796352738236,0.9406464642632735,0.042166910466974336,0.05719562983853698,0.06768329731365624,0.11460750024357128,0.11352629741108475
2025-07-22,0.3632365514125288,0.94192488741848,0.041249814035223105,0.061928854667054105,0.08715511889331913,0.0957082299399927,0.07719453387693981
2025-07-23,0.3269105216537195,0.9414503602738691,0.04177009644433489,0.06038267827963437,0.056703446986610055,0.07066288336308467,0.09739141658005544
2025-07-24,0.30191264568963905,0.9411107192761948,0.04067329085607463,0.05278873919618197,0.056142122218890256,0.06631044493290891,0.08599804848558333
2025-07-25,0.2938934171945664,0.9407184435587665,0.04173762289812459,0.05341550702506101,0.05190170723082851,0.06725596228661528,0.07958261775393705
2025-07-28,0.41070240995651264,0.9397977292534611,0.054875545570202106,0.05779215921271285,0.04644977282517107,0.12325393207795395,0.12833100027047264
2025-07-29,0.3587618311260937,0.9389975724419418,0.056555715857422716,0.06098087683099968,0.04457540200212897,0.11257177793757994,0.0840780584979624
2025-07-30,0.4104318726593818,0.9386848822651475,0.05006319372080788,0.06311846622127716,0.04650266485704352,0.1329264109138692,0.11782113694638405
2025-07-31,0.36343702943935036,0.938807053480507,0.04650871724713777,0.06420576974952893,0.06377413432264135,0.08039209825781354,0.10855630986222876
2025-08-01,0.46424559752366323,0.9375433376174256,0.04256662279987163,0.059593271919820286,0.11541481776876586,0.12920855882796478,0.11746232620724072
2025-08-04,0.43151594628369555,0.9387818786366968,0.050392084749808906,0.07013887599009806,0.07682904569992278,0.13887497446039415,0.09528096538347165
2025-08-05,0.3807820743495847,0.939802566479826,0.05087896653011472,0.07269966979780725,0.07302373964831753,0.09873328112213346,0.08544641725121178
2025-08-06,0.42431936542863563,0.9379010363895144,0.04743407540360764,0.0657608772640924,0.09659302627643737,0.13432467716567073,0.08020670931882745
2025-08-07,0.42470953479906437,0.9392407099013369,0.04879733343395452,0.06175237770845573,0.07611088511269455,0.13613592358455012,0.10191301495940944
2025-08-08,0.4358056008752847,0.9410545365140174,0.04899973621159195,0.059491953457782715,0.11054686624337079,0.10697734903590383,0.10978969592663539
2025-08-11,0.44487048243547966,0.9419258206835417,0.04677148902704484,0.062145450697971616,0.09863154283249502,0.13479283295988614,0.10252916691808209
2025-08-12,0.4111785389115655,0.9446140186244045,0.046036361367442255,0.0541795856659285,0.10662195014817993,0.1348517943829323,0.06948884734708265
2025-08-13,0.4043533891576246,0.9451570353765001,0.03965313998993363,0.051929317575858294,0.07887172502107348,0.13210470747331313,0.10179449909744608
2025-08-14,0.3612434555267119,0.9452084400247797,0.04052445380795895,0.05345316695312548,0.09604186907837993,0.1051680195337916,0.06605594615345588
2025-08-15,0.3995755526219038,0.9446487249485224,0.04050045682825275,0.05331293378732466,0.10000246846868843,0.12703896645859444,0.07872072707904354
2025-08-18,0.43768952173176306,0.9458268353368945,0.039137662151871505,0.0517486866230301,0.1289368536447767,0.11252077868663057,0.10534554062545413
2025-08-19,0.4223673622560359,0.9455985722150057,0.041519385584612906,0.047171239119691094,0.121949608968418,0.13694875873458706,0.0747783698487269
2025-08-20,0.4263261901306617,0.9452186172621703,0.041502702505074617,0.04639176431849963,0.12179196206332106,0.1413482093170211,0.0752915519267453
2025-08-21,0.41554913835711477,0.9449235503677202,0.04181558240133016,0.04898396795584391,0.09959711444680458,0.15346861800799871,0.07168385554513741
2025-08-22,0.41388503965415724,0.9443482415397764,0.034626102189791806,0.044829405029416985,0.09801683472533543,0.12569600732219094,0.11071669038742207
2025-08-25,0.36328603610307036,0.9431777123535399,0.029596266146266256,0.04401495990983187,0.0987626317188592,0.10320749220236436,0.08770468612574872
2025-08-26,0.40824006886918746,0.9398487957560017,0.03089617880301339,0.04375158187140009,0.1423816911271736,0.09571333713101353,0.09549727993658685
2025-08-27,0.41582069052656223,0.935757891252222,0.03215995511315108,0.04657277780600139,0.11433455613805887,0.141331709092577,0.08142169237677381
2025-08-28,0.3899229645141044,0.9340115064076838,0.031348432169085484,0.04949187407516579,0.1129402419242395,0.1310836838303198,0.06505873251529386
2025-08-29,0.3739603434858688,0.9324892485890105,0.04083659812786357,0.0524123267310375,0.12379598645061006,0.08724669521281088,0.06966873696354678
2025-09-01,0.351357110817078,0.9328064888948973,0.038813327468960095,0.047605296674636144,0.10989961507095056,0.09767663349232776,0.05736223811020347
2025-09-02,0.32230301925485977,0.9321929080842017,0.03364466357913097,0.04907406343707638,0.06621784105701572,0.12182796971169398,0.05153848146994266
2025-09-03,0.3053868524506536,0.9309269853961759,0.029960868495509115,0.04900742061051133,0.07340412781399734,0.08538847521220098,0.06762596031843485
2025-09-04,0.33155061480374365,0.9286833061147999,0.02924818688223623,0.05187817089330952,0.0689574041092139,0.0974583745382543,0.08400847838072961
2025-09-05,0.2943945268603294,0.9266397914923535,0.030248931124577987,0.0527226088262891,0.07381165235680472,0.08190643674225517,0.055704897810402415
2025-09-08,0.3105042310635559,0.9254494039920986,0.030635566476979823,0.0524421328928856,0.06839815709964592,0.0806311089914955,0.07839726560254905
2025-09-09,0.269578435955163,0.923722880192957,0.03100311276049925,0.05446779741827437,0.059988899690692044,0.07941893268785426,0.0446996933978431
2025-09-10,0.2637582484968618,0.9219352197359169,0.027658056592077512,0.049699726213350004,0.05923698710716984,0.0725891523585176,0.05457432622574681
2025-09-11,0.34654539187525996,0.9203128538811846,0.02993661352280176,0.0478139551671604,0.07034575262425148,0.09308911625464858,0.1053599543063977
2025-09-12,0.32477766670050556,0.9200800066084003,0.029082988714633353,0.04632126929821602,0.06768404646314671,0.09433463975801071,0.0873547224664987
2025-09-15,0.29151336692540836,0.9199007226155431,0.028019964539438967,0.0499072575947743,0.07570677211410679,0.07930178643237443,0.05857758624471391
2025-09-16,0.33277760698997794,0.9193919278541784,0.02747608060253867,0.05072507188160985,0.06160982688953864,0.09088242045455099,0.10208420716173984
2025-09-17,0.3471940363398856,0.9172754680100227,0.03331713194151348,0.054825660156920905,0.10522309391655205,0.06505275445542347,0.08877539586947578
2025-09-18,0.32584927277241715,0.9150705852550126,0.034604393396425195,0.05606122091274963,0.06416012149489171,0.07236420260407458,0.09865933436427608
2025-09-19,0.34143314371242367,0.9123060043913039,0.03250745532888555,0.047502829883823074,0.09909530737353821,0.10087797427867064,0.06144957684750624
2025-09-22,0.3504523699043035,0.9112180568342617,0.03037393522780873,0.04807460782608347,0.0678700345780002,0.1129072488813028,0.09122654339110829
2025-09-23,0.3216377706602191,0.9111848273343879,0.028487617590224546,0.05257641187607619,0.0655634140127962,0.08420604611228137,0.09080428106884074
2025-09-24,0.3228716046601386,0.9105293227044424,0.026478611338416554,0.04835224679189109,0.08875044432797326,0.07566812647302436,0.0836221757288333
2025-09-25,0.335501903482722,0.9098711222879305,0.030015288746739786,0.048735625630594914,0.08105173790495934,0.08429380742115772,0.09140544377927028
2025-09-26,0.34531286510368214,0.9106462341321715,0.029936186547333463,0.04134543246921929,0.12267556165550633,0.09671691038369272,0.0546387740479303
2025-09-29,0.30986270656194465,0.9101301644459547,0.02730390493337865,0.04383270562101783,0.0686259066524766,0.10827410577029463,0.061826083584776946
2025-09-30,0.33386956469143253,0.9099828360950699,0.03305225013862553,0.04633590763104782,0.09476372982783142,0.06014254376490406,0.09957513332902378
2025-10-01,0.33483072444721806,0.9117456346450069,0.03301147987507784,0.043700911453674475,0.07252045737636148,0.08886899979068574,0.09672887595141856
2025-10-02,0.35598982406035706,0.9144114169840879,0.03447436146790585,0.039519389975404266,0.07756731330278815,0.09911378922022931,0.10531497009402946
2025-10-03,0.3559005844194852,0.9158045206890034,0.03452688307884979,0.03831641902652843,0.11179131045651976,0.08800144589609277,0.08326452596149446
2025-10-06,0.35597641873906705,0.9189895676646536,0.03464696301080534,0.041196084067725854,0.11059564107412558,0.088307503283638,0.08123022730277225
2025-10-07,0.35222588457339116,0.9224458747105666,0.03477726975920298,0.04347158719900373,0.1066644310297506,0.0886396265813832,0.07867297000405063
2025-10-08,0.3305248850218046,0.9258102059528974,0.034904108914086254,0.043098061311600405,0.10130704782381134,0.08896291174443936,0.06225275522786725
2025-10-09,0.32643175855739104,0.9274840951826588,0.03496721646205887,0.04242973217042509,0.09807877788138464,0.08912375903134517,0.061832273012177266
2025-10-10,0.32142036538499974,0.9290223185546501,0.03395736750579067,0.04965464116412786,0.07186574946980226,0.07207931781889529,0.09386328942638363
2025-10-13,0.4333322057838208,0.9278833842774404,0.043727837649856396,0.056739535682252686,0.11881173449253665,0.1350230304017517,0.07903006755742338
2025-10-14,0.4103586172228761,0.9297187421455784,0.04477610953551695,0.058241001663142576,0.1149859042009934,0.12951943856097026,0.06283616326225289
2025-10-15,0.34654166399854597,0.9311032973401325,0.04270232363663366,0.0536187071226904,0.07555849746231422,0.10691634414284971,0.06774579163405793
2025-10-16,0.3635601215096709,0.9311077589444027,0.03906371632352955,0.05789991926309448,0.08240838786059658,0.08861577292022592,0.09557232514222434
2025-10-17,0.3812039052278921,0.930287230149414,0.04116788317327867,0.05774196600927398,0.10917508758420136,0.08939311774769083,0.08372585071344728
2025-10-20,0.3507152717703486,0.9316711036342084,0.03898026226699448,0.05772077297228028,0.08770559010073756,0.10933749388626746,0.05697115254406884
2025-10-21,0.41588928132871716,0.931574857765149,0.042723950373367195,0.05857143071236054,0.10632802686905668,0.11071820723323726,0.0975476661406955
2025-10-22,0.41830051800542617,0.9350499760141848,0.04395809657354042,0.05975721685791802,0.08931339426066526,0.11693498550614176,0.10833682480716074
2025-10-23,0.4293370688396537,0.9370879324899617,0.03899147489211106,0.05579443092296554,0.13916294353758973,0.12289854378977547,0.072489675697212
2025-10-24,0.4136408136202924,0.9396018481714213,0.04071608008742826,0.05054409941887648,0.08996417695710278,0.12430824451095472,0.10810821264593022
2025-10-27,0.375911350243766,0.9400485044900154,0.04030322898560641,0.04408503331401452,0.0941129020012418,0.09303238647883946,0.10437779946406381
2025-10-28,0.3801257552896295,0.9397823447058187,0.03132607815686063,0.05076985080594653,0.14485610623569,0.08522853677849324,0.06794518331263907
2025-10-29,0.39467615051451227,0.9397051202726481,0.03024338318118868,0.04817338892432197,0.101531357822562,0.10736401029321979,0.10736401029321982
2025-10-30,0.4065417763482817,0.9394192441514078,0.050642255805403484,0.045999149196379284,0.11694149901333044,0.08994669314691067,0.10301217918625785
2025-10-31,0.37936974858366534,0.9392478123727627,0.06563938734742986,0.04210421227877903,0.10601624732759232,0.08096963899765196,0.08464026263221218
2025-11-03,0.4249266192701619,0.9356774456214647,0.0634539876915706,0.04129886656536121,0.09313754803542398,0.1161530622150784,0.11088315476272763
2025-11-04,0.4214691626172026,0.9342119018521431,0.06571697516477146,0.041663703209038117,0.15860126195811672,0.1021190251334929,0.053368197151783356
2025-11-05,0.4501505698261343,0.9333436504974663,0.06544133641419018,0.042268666470804794,0.16499799246725327,0.1225147642377134,0.054927810236172735
2025-11-06,0.4226062763454715,0.9334030475261744,0.06319245919458814,0.037872560434108,0.12799423398835932,0.12509746590982984,0.06844955681858614
2025-11-07,0.4545698140233285,0.9325058670131944,0.06838376358096761,0.046196555020998495,0.1643139648426698,0.08542611218500185,0.09024941839369077
2025-11-10,0.4233269227360611,0.9333360942229424,0.06522624658477576,0.04441392448371244,0.10888921099267664,0.11232217133924378,0.09247536933565247
2025-11-11,0.441357170660184,0.9322183502655014,0.06654110293274441,0.04403928068495645,0.1261173561221259,0.08036365088495702,0.1242957800354002
2025-11-12,0.42840767102022603,0.9334201697660822,0.06866539179888421,0.04720745686173291,0.12188107044301949,0.1122249997213014,0.07842875219528808
2025-11-13,0.4629744063573457,0.9317319767080516,0.06789862910723045,0.05033494586813613,0.12894313792603385,0.09531511026093864,0.12048258319500671
2025-11-14,0.4696918418140762,0.9340157768645627,0.07579484350188291,0.043050612243987325,0.16930377932361101,0.08921461041085653,0.09232799633373841
2025-11-17,0.43469079409526357,0.9335497182495168,0.07811772355007453,0.04367295808362683,0.1139574483656307,0.06084168853419265,0.13810097556173886
2025-11-18,0.48853773249595683,0.9318742101983826,0.08086954352871023,0.0449870308371633,0.17084360520303682,0.0846184627651405,0.10721909016190588
2025-11-19,0.49810611198729515,0.9335465692135863,0.08165849875534933,0.04335089815658493,0.15848830835959393,0.11277671772913557,0.10183168898663142
2025-11-20,0.4628220592692111,0.9353198410318551,0.08192111711106595,0.03472509294865394,0.1169687341428343,0.08471632583139102,0.14449078923526593
2025-11-21,0.49840696524756495,0.935117661775677,0.08706267885497684,0.04148912844200131,0.17477026644221277,0.10372282110500328,0.09136207040337076
2025-11-24,0.5074211059381655,0.9358837442573751,0.08541283826900643,0.03937166096531027,0.15436703138038316,0.10359264893331636,0.1246769263901492
2025-11-25,0.4930992772999638,0.939133912545903,0.08527767711623718,0.042314999277930344,0.1396826761878619,0.0953166948020727,0.13050722991586172
2025-11-26,0.4555406378623317,0.9418259385461702,0.08357352006409696,0.04308583029211217,0.11702457926073682,0.08963584794439416,0.12222086030099155
2025-11-27,0.4678811590364596,0.9416067739109872,0.07965776845959617,0.04361695745817563,0.1356130215759158,0.05876925037168576,0.15022416117108628
2025-11-28,0.49644279583008427,0.9413801926158963,0.08548164967431704,0.039819300101454014,0.1725863686462477,0.08883599288938518,0.10971948451868035
2025-12-01,0.4719370431552397,0.9417092374886661,0.0831301947576202,0.0419980671431727,0.15435372099526876,0.08345492208089215,0.10900013817828587
2025-12-02,0.46531252164401365,0.942103546265515,0.08608877233115914,0.04613058743782867,0.11857510151272864,0.09258603816747304,0.12193202219482414
2025-12-03,0.47814629513044,0.9417869068677445,0.0868175976216013,0.041676776913112834,0.12762836358587024,0.07945650455642811,0.14256705245342755
2025-12-04,0.49280937344009296,0.9422948459184194,0.0883807579620035,0.036717006065097035,0.1540164679190796,0.06747697574795121,0.14621816574596166
2025-12-05,0.46151262939047266,0.9434116249288327,0.08891925660248769,0.03600145511222672,0.11798067217500806,0.087292684835369,0.1313185606653812
2025-12-08,0.4678457018298195,0.9437184340179524,0.08970748792331573,0.038833471192922644,0.12149018920690884,0.07365342720668848,0.1441611262999838
2025-12-09,0.45278310043202297,0.9439762697720103,0.09049151827469618,0.03982060816164688,0.15439979676845642,0.057398097322918805,0.11067307990430468
2025-12-10,0.4894997741988428,0.9448963912868719,0.08895059131769519,0.048982560054066586,0.15259533675379947,0.07309370934897298,0.12587757672430858
2025-12-11,0.44686351313301975,0.9452255201209022,0.08909022143668276,0.049216915013191816,0.1587326994134067,0.06660037285449576,0.08322330441524266
2025-12-12,0.4245472880827522,0.9439206251775987,0.07399469728403706,0.0456770785287091,0.11891229944766073,0.05826268686441041,0.12770052595793493
2025-12-15,0.45514422456374865,0.9430232802344873,0.0778265189894669,0.050186181465352614,0.16725114039101316,0.07901884727482085,0.08086153644309514
2025-12-16,0.43444905320412736,0.942570265056336,0.08461464103551707,0.04626178197460409,0.1663040640070662,0.07388884146763464,0.06337972471930536
2025-12-17,0.40503434702945035,0.9406830803940784,0.08422897926746979,0.041195431451740684,0.11688257585126427,0.05557598888765017,0.10715137157132551
2025-12-18,0.45685358287823546,0.9387402387908946,0.08891056974295371,0.037981214259125866,0.16368608531560777,0.09247130857974678,0.07380440498080137
2025-12-19,0.37963752122092154,0.9364463948460495,0.08578710076923007,0.03821131841038479,0.12141511878003956,0.05737079637390167,0.07685318688736546
2025-12-22,0.40474413085540817,0.9347687651823865,0.08584830383686516,0.03395252066639474,0.1070149069105353,0.07037626910281186,0.10755213033880104
2025-12-23,0.4242171203747155,0.9331704038584131,0.08709590436011858,0.023704673477322913,0.129356724948649,0.07390280554694789,0.11015701204167706
2025-12-24,0.4100138560137945,0.9318496727586236,0.09104278412009544,0.02624174365814515,0.13924190512485185,0.08890060096432847,0.06458682214637358
2025-12-25,0.4060365900084689,0.9291210765580429,0.08928105977040506,0.02616490388008282,0.13157208808270218,0.07219377560382036,0.0868247626714585
2025-12-26,0.3899249937397833,0.9278849686914973,0.08148323173336827,0.02197060960349982,0.11230607724507435,0.056632979123584504,0.11753209603425636
2025-12-29,0.3788933037161729,0.9262072892190795,0.07611933468869447,0.023527794358323743,0.0967726926322004,0.07335135888183285,0.10912212315512146
2025-12-30,0.4030042354045173,0.9216973838115929,0.07257042619665992,0.02245975234115606,0.12871980704955008,0.07903290210614353,0.10022134771100771
2025-12-31,0.408306893432088,0.9202771950412343,0.07245860673600524,0.022530924430319878,0.1219631730899475,0.10599054591164563,0.08536364326416968
2026-01-01,0.3985229119546321,0.9208895973453647,0.06901379511139977,0.022545917728110657,0.12109168958196523,0.10235634949804227,0.08351516003511412
2026-01-02,0.3890832478445211,0.921345742037924,0.069789292414137,0.020439049219921766,0.09107555610949594,0.10272475514675705,0.10505459495420928
2026-01-05,0.4446479777790469,0.9193054673663754,0.0891831970640484,0.018808778527725844,0.0947835637043263,0.13250678805487756,0.10936565042806883
2026-01-06,0.4096272068138163,0.9161328275784578,0.08487391483083186,0.019059774918586313,0.10393368974941816,0.1272055696223882,0.07455425769259175
2026-01-07,0.4311357974173627,0.9146260515803596,0.08473432156020345,0.02028998022471373,0.11658853921869183,0.10144990112356862,0.10807305529018504
2026-01-08,0.45556964877555434,0.9147140420833885,0.08327051969310849,0.020922769468344177,0.12658801226073563,0.12122589546231576,0.10356245189105033
2026-01-09,0.4044454928079469,0.9160832562950111,0.08128922688043089,0.01663691430972549,0.11235182005365253,0.11561602475999107,0.07855150680414694
2026-01-12,0.434621886194643,0.9159908938695235,0.07980702270725276,0.02042554407019398,0.10855018523902056,0.1332924680044617,0.09254666617371393
2026-01-13,0.4339663099109401,0.9166076465708127,0.07996611537324677,0.019807153741989977,0.0959804098880472,0.14023043420525885,0.09798219670239725
2026-01-14,0.4163000227374114,0.9162181122730783,0.0783524454633529,0.01569155157801019,0.10267961603060362,0.14248771332246843,0.07708869634297626
2026-01-15,0.43058068433406027,0.91545746669265,0.07544632225501496,0.017046449379794177,0.0878628718032601,0.13416187011875047,0.1160631707772406
2026-01-16,0.3481968975801078,0.914371569256546,0.0758823302302559,0.017131329401013452,0.08029653780597716,0.09637686540324746,0.07850983473961379
2026-01-19,0.39920029993197437,0.9134778036318192,0.07717312478958474,0.011444721907571072,0.06467842839508055,0.13114181341794737,0.11476221142179065
2026-01-20,0.358578972495717,0.9121745791557713,0.07622424356853401,0.011847784763747376,0.0869187041517396,0.11575180866528409,0.06783643134641196
2026-01-21,0.3824525793578757,0.9106013794235135,0.0776627843140514,0.009106013794235137,0.0664634340153944,0.12947286279849268,0.09974748443570214
2026-01-22,0.346008413143541,0.9105484556408974,0.07828623503671164,0.01004743123465818,0.06164517705430903,0.10005566937847103,0.09597390043939115
2026-01-23,0.3158582547586011,0.9099227868873606,0.07729114247238617,0.008367106086320561,0.06264870682132519,0.0943391211232643,0.07321217825530489
2026-01-26,0.35302128693277324,0.9083955031987953,0.07977174303952642,0.010545740899204405,0.09219692291086627,0.07945850321083715,0.09104837687233903
2026-01-27,0.307831083567365,0.9072257544160145,0.0793561838058146,0.011679228102826856,0.06131594753984099,0.0701796474393078,0.0853000766795747
2026-01-28,0.4065407585428576,0.9052737648637983,0.08074625764762157,0.011862207953387705,0.06846783187130798,0.11643693596351613,0.12902752510702414
2026-01-29,0.3459752173730951,0.904714274465262,0.08121630440889308,0.012270837285850683,0.07549684635192878,0.07892852118610735,0.0980627081403152
2026-01-30,0.3836212865737785,0.904227903872087,0.08034116893024407,0.009146213280545249,0.08034116893024407,0.09572343672025199,0.1180692987124932
2026-02-02,0.44479775888985457,0.9045676723566466,0.07933162459863466,0.010709249454337311,0.14504274746408302,0.1319421122092626,0.07777202516353698
2026-02-03,0.45713521552076847,0.9026501078144996,0.07449457211618514,0.00809272510454379,0.0971127012545255,0.13716131523342168,0.14027390181209237
2026-02-04,0.3664663594526813,0.8991137414659692,0.07037890321130175,0.006304130830968291,0.1055166816134201,0.08278047205910821,0.10148617173788298
2026-02-05,0.4454838948723244,0.895289878814789,0.07028540083109207,0.00915871255339267,0.1619754332476412,0.1143295465934748,0.08973480164672372
2026-02-06,0.4613798504278051,0.8943860736902636,0.06620513005247469,0.009355072724806207,0.15780260035799482,0.1365223799839851,0.0914946673085442
2026-02-09,0.4482333122927797,0.8942054154889205,0.06269716131588984,0.008222578533231457,0.11038811680863228,0.12724440280175675,0.13968105283326931
2026-02-10,0.4030099091358352,0.8937512642064149,0.06862366028619371,0.011300303340540881,0.13735005060275599,0.08803963602585033,0.09769625888049434
2026-02-11,0.38525296482730426,0.8935485987730063,0.06193216150116355,0.01242751499442917,0.12273454891192444,0.08709531169649534,0.10106342772329176
2026-02-12,0.40455472925321506,0.8928529032224686,0.0627049567665435,0.016112402966198574,0.1102211515012565,0.09421137530554326,0.12130484271367335
2026-02-13,0.4384819435434601,0.8925580039373191,0.06329980326773862,0.021749689291346172,0.14999078181107595,0.08453652818900587,0.11890514098429347
2026-02-16,0.46727984419044605,0.895250967728888,0.06225595810068705,0.021815310937761415,0.14200532591561676,0.11041428601989621,0.1307889632164847
2026-02-17,0.4680567768406373,0.9011051025699366,0.06266305598331169,0.02081863512833992,0.14231246102656245,0.11113629598362552,0.1311263287187977
2026-02-18,0.4670914571324458,0.9066701644471836,0.06305005166558002,0.01750811352035941,0.1427744971600738,0.11182265361515266,0.13193614117127986
2026-02-19,0.4508285637792968,0.911293797602203,0.062219369629391806,0.02220623966570886,0.1089362700581944,0.10631760972025703,0.15114907470574473
2026-02-20,0.45054755809168745,0.9139108779197203,0.06365861977233915,0.022900295561666558,0.11166520266996124,0.1383471984161232,0.11397624167159733
2026-02-23,0.47545653101296304,0.9155537449784811,0.06145786058246358,0.02041579615239372,0.12796705217170498,0.10260516107517463,0.16301066103122616
2026-02-24,0.45130622650920965,0.9186626510599258,0.061455363553664016,0.016366978266010176,0.10886680382100962,0.09397813326934876,0.17063894759917705
2026-02-25,0.46956458461510237,0.9184379240448269,0.06186260040118031,0.016468542086321036,0.10905130753313866,0.13005925545094563,0.15212287914351677
2026-02-26,0.44707861310412755,0.9201759957430587,0.062402739941195946,0.02136500587817217,0.10566158847670297,0.09180606486264083,0.16584321394541565
2026-02-27,0.5064305896646373,0.9198217390568565,0.06280162218388194,0.030343544725208952,0.15837850173645646,0.08701302198204516,0.16789389903704463
2026-03-02,0.45533926600982055,0.9221256085394407,0.04303252839850724,0.030101571589103586,0.13079344838364024,0.11341085070542549,0.1380008669331439
2026-03-03,0.4663755754816339,0.9244628632240178,0.03963501700948951,0.030071608079585872,0.14727649752051597,0.14005081077347767,0.10934164209856488
2026-03-04,0.5016206319572235,0.9216683205972214,0.038561755022688354,0.02298873857121805,0.15943802557457684,0.1473609924081305,0.13327112038060973
2026-03-05,0.4822654462770532,0.9223366415938363,0.03477315154514694,0.02947236624863064,0.10188109339904332,0.1474678469490835,0.1686709881351487
2026-03-06,0.458435387620221,0.921531393783716,0.039191565022985625,0.03633164000779479,0.13092101180651416,0.09045836899899926,0.16153280178392726
2026-03-09,0.5036633725546794,0.9197882748164798,0.03732014494370315,0.046518027691867955,0.15657545229921918,0.13870830075393353,0.12454144686595556
2026-03-10,0.5002478846922251,0.9139346066405623,0.033300835667248084,0.03939373304485183,0.10589035442456171,0.14517903751462727,0.1764839240409362
2026-03-11,0.40315665929500194,0.9126887681151485,0.04007438039310193,0.040284193903013465,0.11466308316665028,0.08959036873222265,0.11854463310001356
2026-03-12,0.4913421991274283,0.909505772852899,0.039725539503919736,0.05404764190401712,0.14437097382871883,0.09638670374372103,0.1568113401470516
2026-03-13,0.5236314885180962,0.9064054815175957,0.03906920178955155,0.04990439375252051,0.156901914386839,0.14304537081881138,0.13471060777037375
2026-03-16,0.5061433180111925,0.9083017464309765,0.03946414484493209,0.039777352343701396,0.11640878704259068,0.14250941194003255,0.1679836218399358
2026-03-17,0.47957504883329316,0.9103868481016036,0.03934545458462104,0.03672940042340953,0.11238568676564627,0.13718588021393135,0.15392862684568495
2026-03-18,0.4592326605245932,0.9117581347704155,0.03992871831580786,0.044644708668068626,0.11003977488608464,0.10165579203762105,0.1629636666170111
2026-03-19,0.47425178919175914,0.9110158017152361,0.04617907684556543,0.043142357506514635,0.1674384214876624,0.09581373087005071,0.12167820248196604
2026-03-20,0.5367758184407836,0.9115654148808933,0.04494960494067854,0.08025966756307637,0.1341153713847751,0.14396446897084453,0.133486705581409
2026-03-23,0.5420547738608401,0.9091722638498765,0.042950551774976926,0.07231577087173732,0.17253372501335015,0.0944703133931366,0.15978441280763925
2026-03-24,0.5511946871364837,0.9077027783621817,0.04893248310940958,0.07480722897536603,0.11560168717532154,0.14460644262183725,0.16724684525454914
2026-03-25,0.4580148294918789,0.907476432835196,0.05507443178586019,0.06779996337274455,0.12203993407094019,0.08761841420477756,0.12548208605755645
2026-03-26,0.5314757651920784,0.9046838499649935,0.05532089749211226,0.08474911927832987,0.17376169118293155,0.10003515674325562,0.11760890049544918
2026-03-27,0.564480687503139,0.9035845411733777,0.05722702094098061,0.07851838081920387,0.1578676439751189,0.13803032818614017,0.13283731358169545
2026-03-30,0.5692609356418945,0.9055714280644508,0.059955073858060204,0.07317433493440333,0.1750771427591272,0.11605886693009916,0.14499551716020465
2026-03-31,0.5514391536425558,0.9087934526785821,0.058183672774939126,0.06319770561730371,0.17528223144766222,0.12681324730480448,0.12796229649784638
2026-04-01,0.5501617093781791,0.9104825702092747,0.06812921301221125,0.05703597709931664,0.11564175173347686,0.13887475524916182,0.17048001228401252
2026-04-02,0.49223652536540796,0.9121315805493182,0.06888166073803474,0.04864701762929698,0.17403889927722627,0.07999498804127929,0.1206739596795707
2026-04-03,0.5463185795993817,0.91122922594222,0.0692324733733112,0.052160017760830533,0.11741240945761253,0.13647490590835779,0.1710387730992696
2026-04-06,0.46834459045261795,0.9121553474228286,0.0695125282001535,0.05032581227160435,0.1207819494518504,0.08408604467047225,0.1436382558585374
2026-04-07,0.5158892783248155,0.9120578584486677,0.06950509886798469,0.05032043356958168,0.12485757579452453,0.10126987255878313,0.16993629753394146
2026-04-08,0.4727268390537789,0.9139385555039723,0.06870296727581586,0.047482784722735115,0.11250898769479936,0.09927263620129356,0.14475946315913496
2026-04-09,0.49251358942506057,0.9151790320371691,0.06932218185201086,0.041340845929954885,0.17009706836828767,0.08257649886772159,0.12917699440708552
2026-04-10,0.48982432943300014,0.9158546456194068,0.06884700439483818,0.03884486945213347,0.12295611794062843,0.1292723568759347,0.1299039807694653
2026-04-13,0.5125932293057953,0.9170390900597201,0.06861982156653768,0.038789699441606554,0.16401296829114076,0.10076889311460835,0.140401846891902
2026-04-14,0.5152705715621804,0.9195597892494294,0.0702881907874564,0.042172914472473844,0.1175345385799271,0.13825105796991424,0.1470238697524088
2026-04-15,0.4791242697796741,0.9207822282048075,0.07027579304919451,0.0357729187509454,0.11726743779895712,0.08879727465101535,0.16701084552956166
2026-04-16,0.4708793172070051,0.919975310959116,0.06936825333208968,0.03172328658479711,0.11621297318897342,0.0888252024374319,0.16474960166371297
2026-04-17,0.5017848398057467,0.9190585486968413,0.07225701693202753,0.02894506233826834,0.15972603742869246,0.10394869102502208,0.13690803208173638
2026-04-20,0.529627213294885,0.9208146993736009,0.07387685748997397,0.032069753323011624,0.13230096255367835,0.13462945949462307,0.1567501804335981
2026-04-21,0.4832219901371043,0.9231513645570502,0.07013828183588623,0.03872991357049694,0.11173314791707746,0.09380066738717616,0.16881997942646745
2026-04-22,0.49199509527476964,0.9228886004507322,0.06820889311377251,0.03553651507482705,0.13153814535159863,0.0910159102513481,0.16569563148322344
2026-04-23,0.5041171368795639,0.9241085315744216,0.06766173961067894,0.032503127662272764,0.12278959339080824,0.13107470436354443,0.15008797185225956
2026-04-24,0.5118738544341239,0.9254577168696753,0.06254817672636429,0.034039824068769674,0.1430736355390475,0.11967125649176838,0.1525409616081741
2026-04-27,0.48770383386513955,0.9272341246998937,0.05499457567185578,0.034211741842375396,0.10881678635845882,0.11830228487550372,0.17137844511694592
2026-04-28,0.42098767117748404,0.927238668163066,0.051584312113899314,0.03282638043611775,0.12459103483708324,0.08409095507823668,0.12789498871214705
2026-04-29,0.4537883524222284,0.9267508605806072,0.051237605050491054,0.040052680871069925,0.09778819425436754,0.10556437963625079,0.15914549261004912
2026-04-30,0.4524549514513724,0.9277299263791983,0.048732480040838355,0.035829569570506974,0.12892246907959207,0.1123939474027213,0.12657648535771363
2026-05-01,0.4224886961189568,0.927726314042131,0.04745266778721246,0.03476307797445227,0.10631530288505801,0.10162335371059208,0.1323342937616419
2026-05-04,0.45540915813895483,0.9283176372560697,0.0468426945695879,0.0431080833852244,0.0792804602852023,0.1264432643848785,0.1597346555140617
2026-05-05,0.42947549952702146,0.9262362037394858,0.04673766591283154,0.041627397202544714,0.11412933452973897,0.10071487916523605,0.12626622271667015
2026-05-06,0.3751689039970768,0.9267374970966971,0.047082525714567836,0.03291515937964132,0.08010420664559958,0.07445856442190706,0.14060844783536094
2026-05-07,0.3752522299279511,0.9240572885290614,0.04620286442645308,0.03324481969075819,0.08943175137258275,0.0761550661925675,0.13021772824558958
2026-05-08,0.3790348021590661,0.9231810690884306,0.04605294068785965,0.02949934910420503,0.10388439846408892,0.08191905578577799,0.11767905811713444
2026-05-11,0.4226903877727616,0.9232755143417085,0.0456331576053948,0.02982073787701381,0.08298867266841566,0.12490750349197599,0.1393403161299613
2026-05-12,0.4234908273389025,0.9210925494621128,0.039596392356187386,0.022233268435292382,0.14186942715853235,0.11645997751819818,0.10333176187069222
2026-05-13,0.4158753290939292,0.9192366268082275,0.04511655628127738,0.0176451168594223,0.0878029467675445,0.12615730257574986,0.13915340660993517
2026-05-14,0.37363464559783827,0.916959496953792,0.05206643580404291,0.013069307772674737,0.0901149850454589,0.12573938849033034,0.09264452848533142
2026-05-15,0.3983970128795316,0.9145261245519589,0.04677748568110596,0.02007752756200278,0.16177651789488107,0.07904869490380151,0.0907167868377403
2026-05-18,0.43414122206199424,0.9107857805496379,0.0409330161143573,0.019995411963790902,0.13672255510319856,0.11536619886962084,0.12112404001102657
